,Likes,Price,Pop_1E,MdAgeE,MnHHIncE,EA_LTHSGrE,EA_BchDHE,NtvE,Fb1E,categories_cat,GeoID_cat
0,0.0,2.0,35510,34.3,76511.0,4140,9845,20759,14751,3,18
1,4.0,2.0,102494,24.7,64990.0,14159,9810,77270,25224,8,38
2,5.0,1.0,35510,34.3,76511.0,4140,9845,20759,14751,9,18
3,0.0,2.0,90847,38.3,73256.0,18526,18582,40121,50726,6,7
4,7.0,1.0,90847,38.3,73256.0,18526,18582,40121,50726,3,7
5,17.0,2.0,90847,38.3,73256.0,18526,18582,40121,50726,3,7
6,1.0,2.0,102494,24.7,64990.0,14159,9810,77270,25224,8,38
7,2.0,1.0,50231,44.7,73597.0,8591,8913,20049,30182,3,144
8,42.0,2.0,25677,44.4,70263.0,5290,4420,9197,16480,1,145
9,22.0,3.0,50231,44.7,73597.0,8591,8913,20049,30182,1,144
10,34.0,2.0,50231,44.7,73597.0,8591,8913,20049,30182,1,144
11,0.0,3.0,50231,44.7,73597.0,8591,8913,20049,30182,1,144
12,0.0,2.0,50231,44.7,73597.0,8591,8913,20049,30182,1,144
13,35.0,1.0,50231,44.7,73597.0,8591,8913,20049,30182,1,144
14,0.0,3.0,50231,44.7,73597.0,8591,8913,20049,30182,3,144
15,4.0,2.0,54146,31.2,68097.0,14917,2453,19825,34321,4,127
16,0.0,1.0,19790,36.8,67905.0,3319,2124,9207,10583,3,128
17,0.0,2.0,54146,31.2,68097.0,14917,2453,19825,34321,7,127
18,0.0,1.0,54146,31.2,68097.0,14917,2453,19825,34321,1,127
19,1.0,1.0,98728,40.2,75438.0,16450,19862,41128,57600,3,129
20,2.0,2.0,98728,40.2,75438.0,16450,19862,41128,57600,7,129
21,0.0,1.0,21448,38.6,88956.0,2211,3334,11979,9469,3,114
22,2.0,1.0,26517,42.2,97199.0,2231,8565,12847,13670,3,113
23,0.0,1.0,54256,40.2,90916.0,6104,9162,28533,25723,3,134
24,26.0,2.0,21448,38.6,88956.0,2211,3334,11979,9469,7,114
25,13.0,2.0,26517,42.2,97199.0,2231,8565,12847,13670,5,113
26,0.0,2.0,45007,34.1,83996.0,4767,11106,23783,21224,0,4
27,249.0,2.0,45007,34.1,83996.0,4767,11106,23783,21224,4,4
28,25.0,2.0,45007,34.1,83996.0,4767,11106,23783,21224,3,4
29,1.0,2.0,45007,34.1,83996.0,4767,11106,23783,21224,1,4
30,1.0,2.0,45007,34.1,83996.0,4767,11106,23783,21224,4,4
31,1.0,2.0,18699,43.6,94530.0,1338,6734,9724,8975,1,137
32,1.0,1.0,26517,42.2,97199.0,2231,8565,12847,13670,3,113
33,0.0,1.0,26517,42.2,97199.0,2231,8565,12847,13670,3,113
34,2.0,1.0,53134,39.8,93423.0,4587,8983,34598,18536,2,115
35,0.0,1.0,21207,44.8,112055.0,1322,5131,12962,8245,2,133
36,0.0,2.0,53134,39.8,93423.0,4587,8983,34598,18536,10,115
37,4.0,1.0,53932,36.0,63445.0,10494,8364,19837,34095,3,152
38,2.0,1.0,26517,42.2,97199.0,2231,8565,12847,13670,3,113
39,10.0,1.0,43476,37.2,84052.0,5975,11326,19150,24326,5,135
40,0.0,1.0,53932,36.0,63445.0,10494,8364,19837,34095,9,152
41,1.0,1.0,43476,37.2,84052.0,5975,11326,19150,24326,5,135
42,67.0,1.0,40958,40.7,90492.0,3930,11728,20778,20180,1,20
43,28.0,2.0,40958,40.7,90492.0,3930,11728,20778,20180,0,20
44,0.0,1.0,40958,40.7,90492.0,3930,11728,20778,20180,3,20
45,0.0,1.0,40958,40.7,90492.0,3930,11728,20778,20180,3,20
46,45.0,3.0,40958,40.7,90492.0,3930,11728,20778,20180,0,20
47,6.0,2.0,40958,40.7,90492.0,3930,11728,20778,20180,1,20
48,1.0,1.0,65631,44.3,84027.0,7091,20248,32200,33431,3,1
49,9.0,3.0,65631,44.3,84027.0,7091,20248,32200,33431,1,1
50,0.0,2.0,35510,34.3,76511.0,4140,9845,20759,14751,3,18
51,0.0,1.0,28689,35.4,68024.0,2619,5077,14501,14188,3,41
52,5.0,2.0,28689,35.4,68024.0,2619,5077,14501,14188,2,41
53,5.0,1.0,69111,36.1,72416.0,6910,15340,39688,29423,3,24
54,49.0,1.0,51922,39.9,72809.0,4517,9106,23931,27991,2,40
55,0.0,1.0,27864,31.2,42083.0,6035,2403,18119,9745,3,62
56,8.0,3.0,54163,30.2,35589.0,13100,2700,39337,14826,6,67
57,110.0,1.0,38930,33.4,109468.0,2335,16773,31966,6964,3,29
58,36.0,2.0,38930,33.4,109468.0,2335,16773,31966,6964,8,29
59,50.0,2.0,38930,33.4,109468.0,2335,16773,31966,6964,1,29
60,50.0,2.0,38930,33.4,109468.0,2335,16773,31966,6964,1,29
61,57.0,1.0,38930,33.4,109468.0,2335,16773,31966,6964,8,29
62,2.0,1.0,77847,29.4,75825.0,9154,16680,62700,15147,3,31
63,1.0,2.0,53932,36.0,63445.0,10494,8364,19837,34095,1,152
64,0.0,1.0,53932,36.0,63445.0,10494,8364,19837,34095,3,152
65,0.0,2.0,53932,36.0,63445.0,10494,8364,19837,34095,0,152
66,0.0,1.0,53932,36.0,63445.0,10494,8364,19837,34095,3,152
67,1.0,2.0,53932,36.0,63445.0,10494,8364,19837,34095,9,152
68,0.0,1.0,53932,36.0,63445.0,10494,8364,19837,34095,3,152
69,0.0,2.0,43476,37.2,84052.0,5975,11326,19150,24326,9,135
70,0.0,3.0,43476,37.2,84052.0,5975,11326,19150,24326,3,135
71,0.0,1.0,53134,39.8,93423.0,4587,8983,34598,18536,9,115
72,0.0,1.0,53134,39.8,93423.0,4587,8983,34598,18536,3,115
73,0.0,1.0,43253,34.9,73910.0,6345,4602,26133,17120,2,109
74,0.0,1.0,43253,34.9,73910.0,6345,4602,26133,17120,2,109
75,52.0,3.0,53932,36.0,63445.0,10494,8364,19837,34095,4,152
76,32.0,2.0,43253,34.9,73910.0,6345,4602,26133,17120,2,109
77,1.0,1.0,26877,43.4,83610.0,2954,6061,22182,4695,3,51
78,1.0,3.0,831,27.1,49980.0,106,126,618,213,10,79
79,7.0,2.0,26877,43.4,83610.0,2954,6061,22182,4695,6,51
80,11.0,2.0,26877,43.4,83610.0,2954,6061,22182,4695,6,51
81,13.0,2.0,26877,43.4,83610.0,2954,6061,22182,4695,8,51
82,0.0,1.0,26877,43.4,83610.0,2954,6061,22182,4695,3,51
83,4.0,1.0,26877,43.4,83610.0,2954,6061,22182,4695,3,51
84,0.0,1.0,26877,43.4,83610.0,2954,6061,22182,4695,3,51
85,105.0,3.0,26877,43.4,83610.0,2954,6061,22182,4695,10,51
86,10.0,3.0,26877,43.4,83610.0,2954,6061,22182,4695,6,51
87,66.0,2.0,26877,43.4,83610.0,2954,6061,22182,4695,10,51
88,244.0,3.0,26877,43.4,83610.0,2954,6061,22182,4695,10,51
89,238.0,2.0,26877,43.4,83610.0,2954,6061,22182,4695,10,51
90,75.0,3.0,26877,43.4,83610.0,2954,6061,22182,4695,10,51
91,102.0,2.0,26877,43.4,83610.0,2954,6061,22182,4695,10,51
92,43.0,3.0,26877,43.4,83610.0,2954,6061,22182,4695,10,51
93,0.0,2.0,21207,44.8,112055.0,1322,5131,12962,8245,9,133
94,0.0,1.0,21207,44.8,112055.0,1322,5131,12962,8245,9,133
95,0.0,2.0,30587,41.7,68025.0,4622,7343,17182,13405,6,5
96,4.0,1.0,65502,40.1,73042.0,11778,14577,27924,37578,3,8
97,25.0,1.0,90847,38.3,73256.0,18526,18582,40121,50726,3,7
98,20.0,3.0,65502,40.1,73042.0,11778,14577,27924,37578,6,8
99,69.0,2.0,90847,38.3,73256.0,18526,18582,40121,50726,4,7
100,75.0,2.0,65502,40.1,73042.0,11778,14577,27924,37578,1,8
101,17.0,1.0,57036,32.3,126056.0,5860,25475,42759,14277,7,30
102,0.0,1.0,77847,29.4,75825.0,9154,16680,62700,15147,3,31
103,1.0,1.0,69260,33.8,72918.0,7869,15323,55292,13968,3,14
104,0.0,2.0,69260,33.8,72918.0,7869,15323,55292,13968,4,14
105,3.0,2.0,69260,33.8,72918.0,7869,15323,55292,13968,4,14
106,3.0,1.0,69260,33.8,72918.0,7869,15323,55292,13968,3,14
107,10.0,1.0,72925,30.7,66570.0,12502,13571,53511,19414,8,34
108,2.0,1.0,52174,36.5,37269.0,8799,4100,37742,14432,4,35
109,1.0,2.0,52174,36.5,37269.0,8799,4100,37742,14432,0,35
110,54.0,2.0,69260,33.8,72918.0,7869,15323,55292,13968,7,14
111,0.0,2.0,109987,34.0,69419.0,13073,26755,77095,32892,9,25
112,1.0,3.0,109987,34.0,69419.0,13073,26755,77095,32892,2,25
113,0.0,2.0,21237,36.3,141251.0,1420,11716,16595,4642,4,27
114,2.0,1.0,40451,32.7,71827.0,3516,9514,25807,14644,3,26
115,4.0,1.0,40451,32.7,71827.0,3516,9514,25807,14644,4,26
116,1.0,1.0,69111,36.1,72416.0,6910,15340,39688,29423,3,24
117,32.0,2.0,54666,40.3,65997.0,5799,9246,26245,28421,3,42
118,0.0,2.0,51922,39.9,72809.0,4517,9106,23931,27991,9,40
119,47.0,1.0,54666,40.3,65997.0,5799,9246,26245,28421,2,42
120,66.0,2.0,31993,42.6,88250.0,4918,6376,19976,12017,4,61
121,22.0,3.0,31993,42.6,88250.0,4918,6376,19976,12017,6,61
122,0.0,4.0,31993,42.6,88250.0,4918,6376,19976,12017,4,61
123,0.0,1.0,31993,42.6,88250.0,4918,6376,19976,12017,3,61
124,1.0,1.0,37887,36.0,73035.0,4692,5913,22972,14915,1,45
125,1.0,1.0,96755,33.6,52601.0,11438,8981,65544,31211,3,36
126,5.0,1.0,72186,37.8,92808.0,5685,15546,40844,31342,3,23
127,1.0,1.0,51922,39.9,72809.0,4517,9106,23931,27991,3,40
128,25.0,1.0,51922,39.9,72809.0,4517,9106,23931,27991,2,40
129,0.0,2.0,57051,30.7,69755.0,11175,11548,36405,20646,9,33
130,0.0,1.0,57051,30.7,69755.0,11175,11548,36405,20646,8,33
131,0.0,2.0,57051,30.7,69755.0,11175,11548,36405,20646,4,33
132,439.0,2.0,57051,30.7,69755.0,11175,11548,36405,20646,7,33
133,0.0,1.0,75437,33.9,81047.0,9511,13827,41373,34064,3,122
134,55.0,1.0,75437,33.9,81047.0,9511,13827,41373,34064,5,122
135,1.0,1.0,57051,30.7,69755.0,11175,11548,36405,20646,7,33
136,1.0,1.0,75437,33.9,81047.0,9511,13827,41373,34064,7,122
137,4.0,1.0,57051,30.7,69755.0,11175,11548,36405,20646,3,33
138,0.0,1.0,75437,33.9,81047.0,9511,13827,41373,34064,9,122
139,1.0,2.0,57051,30.7,69755.0,11175,11548,36405,20646,8,33
140,0.0,2.0,75437,33.9,81047.0,9511,13827,41373,34064,6,122
141,3.0,1.0,75437,33.9,81047.0,9511,13827,41373,34064,1,122
142,8.0,1.0,75437,33.9,81047.0,9511,13827,41373,34064,8,122
143,22.0,2.0,75437,33.9,81047.0,9511,13827,41373,34064,7,122
144,34.0,3.0,65502,40.1,73042.0,11778,14577,27924,37578,6,8
145,1.0,2.0,45607,33.9,152758.0,4201,21284,36449,9158,7,16
146,280.0,2.0,74731,36.0,176550.0,3220,43249,62461,12270,0,15
147,1.0,2.0,32193,35.5,110463.0,3392,11947,24935,7258,5,28
148,2.0,3.0,32193,35.5,110463.0,3392,11947,24935,7258,3,28
149,165.0,1.0,32193,35.5,110463.0,3392,11947,24935,7258,1,28
150,9.0,2.0,32193,35.5,110463.0,3392,11947,24935,7258,5,28
151,3.0,1.0,74767,34.9,83094.0,8040,30392,43807,30960,3,156
152,62.0,3.0,19228,34.2,53740.0,2665,3381,11806,7422,10,155
153,24.0,2.0,74767,34.9,83094.0,8040,30392,43807,30960,7,156
154,4.0,2.0,36014,32.5,43953.0,8127,2308,21840,14174,8,49
155,0.0,2.0,44057,31.6,38738.0,10559,3142,30794,13263,8,54
156,0.0,1.0,37130,32.1,47672.0,8420,3070,21814,15316,3,75
157,0.0,1.0,44057,31.6,38738.0,10559,3142,30794,13263,3,54
158,0.0,1.0,36014,32.5,43953.0,8127,2308,21840,14174,3,49
159,1.0,3.0,30372,38.5,63544.0,4000,5763,21109,9263,3,72
160,6.0,2.0,30372,38.5,63544.0,4000,5763,21109,9263,3,72
161,2.0,1.0,30372,38.5,63544.0,4000,5763,21109,9263,5,72
162,95.0,2.0,28302,35.4,63935.0,4777,3954,17994,10308,7,76
163,0.0,3.0,30372,38.5,63544.0,4000,5763,21109,9263,3,72
164,13.0,3.0,30372,38.5,63544.0,4000,5763,21109,9263,9,72
165,1.0,2.0,37130,32.1,47672.0,8420,3070,21814,15316,5,75
166,1.0,3.0,30372,38.5,63544.0,4000,5763,21109,9263,1,72
167,0.0,2.0,26196,31.2,38489.0,6184,1784,17188,9008,4,57
168,0.0,1.0,26196,31.2,38489.0,6184,1784,17188,9008,3,57
169,1.0,1.0,60572,36.9,85858.0,9218,9717,31122,29450,3,146
170,0.0,1.0,35576,39.0,91661.0,3492,6439,23932,11644,3,121
171,0.0,2.0,35576,39.0,91661.0,3492,6439,23932,11644,6,121
172,0.0,2.0,35576,39.0,91661.0,3492,6439,23932,11644,3,121
173,6.0,1.0,50935,34.3,56925.0,8938,7794,29084,21851,3,58
174,0.0,1.0,50935,34.3,56925.0,8938,7794,29084,21851,3,58
175,1.0,1.0,50935,34.3,56925.0,8938,7794,29084,21851,3,58
176,28.0,2.0,32163,33.3,46817.0,6768,3167,16689,15474,8,60
177,3.0,1.0,50935,34.3,56925.0,8938,7794,29084,21851,3,58
178,0.0,1.0,42227,32.6,48141.0,7569,5458,24486,17741,4,70
179,5.0,1.0,57685,31.5,54033.0,11098,5270,32066,25619,3,46
180,15.0,1.0,43476,37.2,84052.0,5975,11326,19150,24326,5,135
181,2.0,2.0,36975,35.0,77575.0,3405,7552,22937,14038,6,136
182,6.0,1.0,36975,35.0,77575.0,3405,7552,22937,14038,3,136
183,13.0,2.0,18699,43.6,94530.0,1338,6734,9724,8975,1,137
184,62.0,2.0,49758,38.7,130078.0,2887,29051,33518,16240,8,89
185,1830.0,2.0,27875,36.3,194326.0,845,17876,18819,9056,0,90
186,1618.0,2.0,27875,36.3,194326.0,845,17876,18819,9056,6,90
187,2.0,2.0,49758,38.7,130078.0,2887,29051,33518,16240,6,89
188,45.0,4.0,27875,36.3,194326.0,845,17876,18819,9056,0,90
189,10.0,2.0,49758,38.7,130078.0,2887,29051,33518,16240,2,89
190,74.0,1.0,49758,38.7,130078.0,2887,29051,33518,16240,0,89
191,56.0,2.0,49758,38.7,130078.0,2887,29051,33518,16240,8,89
192,1.0,3.0,49758,38.7,130078.0,2887,29051,33518,16240,10,89
193,179.0,2.0,49758,38.7,130078.0,2887,29051,33518,16240,4,89
194,7.0,2.0,49758,38.7,130078.0,2887,29051,33518,16240,0,89
195,0.0,2.0,27875,36.3,194326.0,845,17876,18819,9056,1,90
196,82.0,2.0,49758,38.7,130078.0,2887,29051,33518,16240,4,89
197,57.0,3.0,49758,38.7,130078.0,2887,29051,33518,16240,6,89
198,5.0,2.0,49758,38.7,130078.0,2887,29051,33518,16240,3,89
199,299.0,2.0,49758,38.7,130078.0,2887,29051,33518,16240,4,89
200,196.0,4.0,49758,38.7,130078.0,2887,29051,33518,16240,0,89
201,3.0,1.0,54256,40.2,90916.0,6104,9162,28533,25723,3,134
202,8.0,3.0,54256,40.2,90916.0,6104,9162,28533,25723,4,134
203,0.0,2.0,54256,40.2,90916.0,6104,9162,28533,25723,4,134
204,0.0,1.0,32179,38.1,93741.0,3236,6167,19593,12586,3,131
205,0.0,3.0,32179,38.1,93741.0,3236,6167,19593,12586,3,131
206,1.0,1.0,32179,38.1,93741.0,3236,6167,19593,12586,3,131
207,23.0,1.0,24234,40.6,77369.0,4039,5374,8244,15990,10,143
208,81.0,1.0,24234,40.6,77369.0,4039,5374,8244,15990,1,143
209,43.0,2.0,81745,37.5,65330.0,14649,14977,27018,54727,7,130
210,103.0,1.0,24234,40.6,77369.0,4039,5374,8244,15990,1,143
211,2.0,1.0,81745,37.5,65330.0,14649,14977,27018,54727,3,130
212,0.0,1.0,81745,37.5,65330.0,14649,14977,27018,54727,3,130
213,11.0,2.0,81745,37.5,65330.0,14649,14977,27018,54727,3,130
214,23.0,1.0,81745,37.5,65330.0,14649,14977,27018,54727,3,130
215,31.0,1.0,24234,40.6,77369.0,4039,5374,8244,15990,1,143
216,4.0,1.0,81745,37.5,65330.0,14649,14977,27018,54727,3,130
217,1.0,2.0,81745,37.5,65330.0,14649,14977,27018,54727,10,130
218,0.0,2.0,81745,37.5,65330.0,14649,14977,27018,54727,4,130
219,232.0,2.0,27739,44.8,82629.0,2217,11038,11454,16285,9,120
220,28.0,2.0,81745,37.5,65330.0,14649,14977,27018,54727,7,130
221,290.0,2.0,81745,37.5,65330.0,14649,14977,27018,54727,1,130
222,54.0,2.0,81745,37.5,65330.0,14649,14977,27018,54727,1,130
223,64.0,2.0,81745,37.5,65330.0,14649,14977,27018,54727,1,130
224,2.0,1.0,43858,40.2,79562.0,5554,8742,25017,18841,3,77
225,1.0,2.0,43858,40.2,79562.0,5554,8742,25017,18841,2,77
226,0.0,1.0,66606,34.9,59194.0,10002,8606,40372,26234,3,71
227,0.0,1.0,66606,34.9,59194.0,10002,8606,40372,26234,3,71
228,2.0,2.0,66606,34.9,59194.0,10002,8606,40372,26234,7,71
229,0.0,1.0,39423,35.8,50720.0,7253,4653,26006,13417,3,48
230,2.0,1.0,39423,35.8,50720.0,7253,4653,26006,13417,3,48
231,0.0,2.0,39423,35.8,50720.0,7253,4653,26006,13417,9,48
232,0.0,1.0,28913,37.6,75205.0,3726,6602,20132,8781,9,73
233,3.0,2.0,96755,33.6,52601.0,11438,8981,65544,31211,7,36
234,19.0,2.0,82931,38.7,90789.0,15652,11285,37348,45583,7,148
235,0.0,1.0,82931,38.7,90789.0,15652,11285,37348,45583,3,148
236,0.0,1.0,82931,38.7,90789.0,15652,11285,37348,45583,3,148
237,0.0,1.0,82931,38.7,90789.0,15652,11285,37348,45583,3,148
238,2.0,1.0,29219,45.0,100462.0,2993,6034,23340,5879,3,150
239,0.0,1.0,82931,38.7,90789.0,15652,11285,37348,45583,3,148
240,1.0,2.0,82931,38.7,90789.0,15652,11285,37348,45583,3,148
241,0.0,1.0,82931,38.7,90789.0,15652,11285,37348,45583,3,148
242,0.0,2.0,90847,38.3,73256.0,18526,18582,40121,50726,1,7
243,7.0,2.0,90847,38.3,73256.0,18526,18582,40121,50726,4,7
244,5.0,1.0,33020,38.7,82098.0,4833,8031,15890,17130,1,6
245,7.0,1.0,33020,38.7,82098.0,4833,8031,15890,17130,6,6
246,0.0,2.0,33020,38.7,82098.0,4833,8031,15890,17130,6,6
247,18.0,2.0,33020,38.7,82098.0,4833,8031,15890,17130,1,6
248,3.0,1.0,90847,38.3,73256.0,18526,18582,40121,50726,3,7
249,0.0,2.0,90847,38.3,73256.0,18526,18582,40121,50726,9,7
250,3.0,1.0,90847,38.3,73256.0,18526,18582,40121,50726,3,7
251,10.0,2.0,90847,38.3,73256.0,18526,18582,40121,50726,8,7
252,1.0,2.0,32179,38.1,93741.0,3236,6167,19593,12586,3,131
253,1.0,1.0,32179,38.1,93741.0,3236,6167,19593,12586,3,131
254,17.0,2.0,32179,38.1,93741.0,3236,6167,19593,12586,1,131
255,7.0,2.0,40435,42.8,96352.0,3635,10136,26131,14304,7,123
256,0.0,3.0,24795,38.6,75602.0,4152,3131,12987,11808,7,125
257,0.0,2.0,24795,38.6,75602.0,4152,3131,12987,11808,4,125
258,5.0,1.0,24795,38.6,75602.0,4152,3131,12987,11808,1,125
259,2.0,1.0,24795,38.6,75602.0,4152,3131,12987,11808,3,125
260,1.0,2.0,24795,38.6,75602.0,4152,3131,12987,11808,7,125
261,1.0,2.0,31971,45.5,106229.0,3479,9031,20561,11410,1,142
262,35.0,1.0,57036,32.3,126056.0,5860,25475,42759,14277,3,30
263,41.0,3.0,36038,34.1,91339.0,5405,13048,26632,9406,6,39
264,58.0,2.0,57036,32.3,126056.0,5860,25475,42759,14277,1,30
265,141.0,3.0,57036,32.3,126056.0,5860,25475,42759,14277,6,30
266,112.0,2.0,57036,32.3,126056.0,5860,25475,42759,14277,4,30
267,519.0,2.0,57036,32.3,126056.0,5860,25475,42759,14277,1,30
268,67.0,2.0,57036,32.3,126056.0,5860,25475,42759,14277,1,30
269,775.0,2.0,57036,32.3,126056.0,5860,25475,42759,14277,4,30
270,39.0,2.0,57036,32.3,126056.0,5860,25475,42759,14277,8,30
271,0.0,2.0,57036,32.3,126056.0,5860,25475,42759,14277,8,30
272,224.0,2.0,46810,39.3,85249.0,5354,8381,38948,7862,7,74
273,6.0,3.0,46810,39.3,85249.0,5354,8381,38948,7862,6,74
274,10.0,2.0,46810,39.3,85249.0,5354,8381,38948,7862,1,74
275,1.0,1.0,46810,39.3,85249.0,5354,8381,38948,7862,3,74
276,11.0,2.0,46810,39.3,85249.0,5354,8381,38948,7862,6,74
277,1.0,1.0,46810,39.3,85249.0,5354,8381,38948,7862,3,74
278,0.0,1.0,46810,39.3,85249.0,5354,8381,38948,7862,7,74
279,0.0,1.0,46810,39.3,85249.0,5354,8381,38948,7862,1,74
280,2.0,1.0,46810,39.3,85249.0,5354,8381,38948,7862,3,74
281,0.0,1.0,46810,39.3,85249.0,5354,8381,38948,7862,3,74
282,0.0,2.0,65068,35.6,82325.0,11579,9680,28074,36994,8,147
283,0.0,2.0,65068,35.6,82325.0,11579,9680,28074,36994,7,147
284,0.0,2.0,65068,35.6,82325.0,11579,9680,28074,36994,9,147
285,0.0,2.0,65068,35.6,82325.0,11579,9680,28074,36994,9,147
286,0.0,1.0,65068,35.6,82325.0,11579,9680,28074,36994,3,147
287,5.0,2.0,82931,38.7,90789.0,15652,11285,37348,45583,1,148
288,0.0,1.0,82931,38.7,90789.0,15652,11285,37348,45583,3,148
289,0.0,4.0,82931,38.7,90789.0,15652,11285,37348,45583,9,148
290,33.0,1.0,65068,35.6,82325.0,11579,9680,28074,36994,2,147
291,93.0,2.0,45680,33.8,214165.0,1068,28920,32770,12910,6,97
292,21.0,1.0,45680,33.8,214165.0,1068,28920,32770,12910,3,97
293,134.0,3.0,45680,33.8,214165.0,1068,28920,32770,12910,1,97
294,68.0,2.0,45680,33.8,214165.0,1068,28920,32770,12910,5,97
295,0.0,2.0,45680,33.8,214165.0,1068,28920,32770,12910,1,97
296,15.0,2.0,45680,33.8,214165.0,1068,28920,32770,12910,10,97
297,1.0,2.0,45680,33.8,214165.0,1068,28920,32770,12910,0,97
298,104.0,2.0,42698,36.6,266241.0,3196,24433,30796,11902,0,96
299,15.0,3.0,45680,33.8,214165.0,1068,28920,32770,12910,6,97
300,0.0,2.0,45680,33.8,214165.0,1068,28920,32770,12910,1,97
301,155.0,2.0,24168,37.3,215829.0,459,14831,20301,3867,1,0
302,416.0,4.0,45607,33.9,152758.0,4201,21284,36449,9158,0,16
303,1.0,2.0,45680,33.8,214165.0,1068,28920,32770,12910,0,97
304,119.0,3.0,45680,33.8,214165.0,1068,28920,32770,12910,6,97
305,23.0,4.0,45680,33.8,214165.0,1068,28920,32770,12910,0,97
306,47.0,3.0,27875,36.3,194326.0,845,17876,18819,9056,0,90
307,132.0,3.0,27875,36.3,194326.0,845,17876,18819,9056,6,90
308,20.0,3.0,62685,41.7,218554.0,1314,41417,48067,14618,6,88
309,51.0,2.0,62685,41.7,218554.0,1314,41417,48067,14618,6,88
310,0.0,2.0,62685,41.7,218554.0,1314,41417,48067,14618,9,88
311,625.0,3.0,62685,41.7,218554.0,1314,41417,48067,14618,8,88
312,15.0,3.0,27875,36.3,194326.0,845,17876,18819,9056,6,90
313,34.0,4.0,27875,36.3,194326.0,845,17876,18819,9056,4,90
314,97.0,2.0,27875,36.3,194326.0,845,17876,18819,9056,5,90
315,29.0,4.0,27875,36.3,194326.0,845,17876,18819,9056,0,90
316,185.0,4.0,50180,43.0,223563.0,946,35743,38160,12020,0,91
317,71.0,4.0,27875,36.3,194326.0,845,17876,18819,9056,0,90
318,7.0,3.0,47775,34.5,150899.0,1996,29042,34591,13184,4,92
319,356.0,2.0,27875,36.3,194326.0,845,17876,18819,9056,4,90
320,0.0,1.0,27875,36.3,194326.0,845,17876,18819,9056,3,90
321,52.0,2.0,76863,37.7,189927.0,3876,47891,54649,22214,4,87
322,0.0,3.0,27875,36.3,194326.0,845,17876,18819,9056,9,90
323,1099.0,4.0,76863,37.7,189927.0,3876,47891,54649,22214,0,87
324,17.0,3.0,55649,51.2,332403.0,742,38605,44909,10740,6,106
325,32.0,4.0,55649,51.2,332403.0,742,38605,44909,10740,0,106
326,70.0,3.0,55649,51.2,332403.0,742,38605,44909,10740,9,106
327,0.0,3.0,55649,51.2,332403.0,742,38605,44909,10740,0,106
328,0.0,2.0,55649,51.2,332403.0,742,38605,44909,10740,6,106
329,153.0,2.0,55649,51.2,332403.0,742,38605,44909,10740,6,106
330,188.0,4.0,55649,51.2,332403.0,742,38605,44909,10740,0,106
331,252.0,3.0,78241,37.0,168839.0,1643,51730,61082,17159,4,101
332,141.0,2.0,78241,37.0,168839.0,1643,51730,61082,17159,8,101
333,57.0,3.0,55649,51.2,332403.0,742,38605,44909,10740,6,106
334,0.0,4.0,55649,51.2,332403.0,742,38605,44909,10740,1,106
335,0.0,2.0,55649,51.2,332403.0,742,38605,44909,10740,7,106
336,46.0,2.0,55649,51.2,332403.0,742,38605,44909,10740,1,106
337,29.0,3.0,55649,51.2,332403.0,742,38605,44909,10740,6,106
338,80.0,2.0,78241,37.0,168839.0,1643,51730,61082,17159,4,101
339,134.0,2.0,78241,37.0,168839.0,1643,51730,61082,17159,1,101
340,179.0,2.0,69111,36.1,72416.0,6910,15340,39688,29423,2,24
341,0.0,1.0,69111,36.1,72416.0,6910,15340,39688,29423,3,24
342,0.0,1.0,39140,31.1,39706.0,7878,3429,23212,15928,3,56
343,8.0,3.0,38081,32.5,42188.0,8457,3408,20231,17850,7,78
344,24.0,1.0,38081,32.5,42188.0,8457,3408,20231,17850,2,78
345,5.0,2.0,56293,30.6,38224.0,11033,4375,33932,22361,4,65
346,88.0,3.0,32259,38.9,49756.0,5998,5475,20739,11520,6,3
347,2.0,3.0,34431,45.6,61830.0,3685,11984,10279,24152,9,2
348,1.0,1.0,34431,45.6,61830.0,3685,11984,10279,24152,1,2
349,10.0,3.0,34431,45.6,61830.0,3685,11984,10279,24152,9,2
350,11.0,2.0,27551,44.1,126194.0,1674,11558,21007,6544,8,55
351,4.0,1.0,27551,44.1,126194.0,1674,11558,21007,6544,3,55
352,3.0,1.0,52922,36.2,64581.0,9779,11512,29599,23323,3,80
353,18.0,3.0,31295,42.6,99641.0,3153,11667,22189,9106,4,59
354,42.0,2.0,31295,42.6,99641.0,3153,11667,22189,9106,10,59
355,0.0,1.0,31295,42.6,99641.0,3153,11667,22189,9106,6,59
356,46.0,2.0,31295,42.6,99641.0,3153,11667,22189,9106,7,59
357,39.0,2.0,22832,38.0,143550.0,1138,11307,18099,4733,8,17
358,0.0,3.0,22832,38.0,143550.0,1138,11307,18099,4733,9,17
359,349.0,2.0,74731,36.0,176550.0,3220,43249,62461,12270,8,15
360,26.0,4.0,74731,36.0,176550.0,3220,43249,62461,12270,1,15
361,59.0,2.0,74731,36.0,176550.0,3220,43249,62461,12270,1,15
362,2.0,1.0,21237,36.3,141251.0,1420,11716,16595,4642,3,27
363,38.0,2.0,21237,36.3,141251.0,1420,11716,16595,4642,5,27
364,48.0,2.0,21237,36.3,141251.0,1420,11716,16595,4642,1,27
365,107.0,2.0,21237,36.3,141251.0,1420,11716,16595,4642,0,27
366,1.0,1.0,38930,33.4,109468.0,2335,16773,31966,6964,3,29
367,11.0,2.0,21237,36.3,141251.0,1420,11716,16595,4642,5,27
368,104.0,3.0,21237,36.3,141251.0,1420,11716,16595,4642,9,27
369,0.0,2.0,88522,37.4,82561.0,7983,16360,49211,39311,2,22
370,2.0,2.0,106883,34.8,74156.0,12611,24921,61178,45705,9,19
371,21.0,2.0,106883,34.8,74156.0,12611,24921,61178,45705,8,19
372,26.0,1.0,47726,41.3,112856.0,2735,13098,33965,13761,6,21
373,1.0,2.0,72186,37.8,92808.0,5685,15546,40844,31342,6,23
374,7.0,3.0,47726,41.3,112856.0,2735,13098,33965,13761,6,21
375,6.0,3.0,72186,37.8,92808.0,5685,15546,40844,31342,6,23
376,0.0,2.0,72186,37.8,92808.0,5685,15546,40844,31342,1,23
377,4.0,2.0,47726,41.3,112856.0,2735,13098,33965,13761,1,21
378,79.0,2.0,24365,49.0,103468.0,1868,8092,15096,9269,6,139
379,37.0,3.0,24365,49.0,103468.0,1868,8092,15096,9269,5,139
380,5.0,1.0,24365,49.0,103468.0,1868,8092,15096,9269,3,139
381,16.0,3.0,25633,48.5,112436.0,1659,9176,15695,9938,4,140
382,44.0,2.0,25633,48.5,112436.0,1659,9176,15695,9938,3,140
383,9.0,2.0,25633,48.5,112436.0,1659,9176,15695,9938,6,140
384,63.0,4.0,25633,48.5,112436.0,1659,9176,15695,9938,6,140
385,19.0,3.0,25633,48.5,112436.0,1659,9176,15695,9938,4,140
386,2.0,1.0,54925,35.9,58824.0,8829,6012,42233,12692,3,50
387,0.0,2.0,74731,36.0,176550.0,3220,43249,62461,12270,0,15
388,0.0,2.0,74731,36.0,176550.0,3220,43249,62461,12270,3,15
389,230.0,1.0,74731,36.0,176550.0,3220,43249,62461,12270,1,15
390,16.0,2.0,74731,36.0,176550.0,3220,43249,62461,12270,7,15
391,17.0,2.0,74731,36.0,176550.0,3220,43249,62461,12270,3,15
392,21.0,2.0,74731,36.0,176550.0,3220,43249,62461,12270,8,15
393,45.0,3.0,74731,36.0,176550.0,3220,43249,62461,12270,1,15
394,40.0,3.0,74731,36.0,176550.0,3220,43249,62461,12270,10,15
395,3.0,1.0,74731,36.0,176550.0,3220,43249,62461,12270,6,15
396,41.0,2.0,74731,36.0,176550.0,3220,43249,62461,12270,4,15
397,29.0,2.0,74731,36.0,176550.0,3220,43249,62461,12270,6,15
398,5.0,1.0,43766,36.1,161484.0,3350,20913,36203,7563,3,12
399,822.0,3.0,43766,36.1,161484.0,3350,20913,36203,7563,6,12
400,14.0,3.0,43766,36.1,161484.0,3350,20913,36203,7563,8,12
401,2.0,2.0,24275,39.4,114781.0,1225,6098,20701,3574,6,162
402,1.0,2.0,24275,39.4,114781.0,1225,6098,20701,3574,3,162
403,29.0,3.0,24275,39.4,114781.0,1225,6098,20701,3574,6,162
404,9.0,1.0,86117,34.9,71178.0,11265,20390,66245,19872,3,81
405,40.0,3.0,86117,34.9,71178.0,11265,20390,66245,19872,4,81
406,2.0,1.0,86117,34.9,71178.0,11265,20390,66245,19872,3,81
407,0.0,2.0,86117,34.9,71178.0,11265,20390,66245,19872,4,81
408,1.0,1.0,52700,34.5,72196.0,9561,13996,33349,19351,7,82
409,0.0,1.0,52700,34.5,72196.0,9561,13996,33349,19351,3,82
410,4.0,1.0,52700,34.5,72196.0,9561,13996,33349,19351,3,82
411,4.0,1.0,86117,34.9,71178.0,11265,20390,66245,19872,3,81
412,1.0,4.0,96755,33.6,52601.0,11438,8981,65544,31211,4,36
413,21.0,2.0,96755,33.6,52601.0,11438,8981,65544,31211,2,36
414,2.0,2.0,96755,33.6,52601.0,11438,8981,65544,31211,4,36
415,0.0,2.0,49063,33.1,64554.0,6977,4266,27611,21452,4,37
416,34.0,2.0,49063,33.1,64554.0,6977,4266,27611,21452,7,37
417,1.0,1.0,96755,33.6,52601.0,11438,8981,65544,31211,3,36
418,1.0,2.0,96755,33.6,52601.0,11438,8981,65544,31211,3,36
419,0.0,1.0,49063,33.1,64554.0,6977,4266,27611,21452,1,37
420,0.0,1.0,49063,33.1,64554.0,6977,4266,27611,21452,7,37
421,0.0,1.0,60572,36.9,85858.0,9218,9717,31122,29450,3,146
422,3.0,2.0,49063,33.1,64554.0,6977,4266,27611,21452,7,37
423,4.0,2.0,96755,33.6,52601.0,11438,8981,65544,31211,7,36
424,2.0,1.0,60572,36.9,85858.0,9218,9717,31122,29450,3,146
425,0.0,2.0,78241,37.0,168839.0,1643,51730,61082,17159,6,101
426,0.0,3.0,78241,37.0,168839.0,1643,51730,61082,17159,6,101
427,145.0,3.0,78241,37.0,168839.0,1643,51730,61082,17159,1,101
428,3.0,4.0,78241,37.0,168839.0,1643,51730,61082,17159,6,101
429,11.0,2.0,78241,37.0,168839.0,1643,51730,61082,17159,3,101
430,0.0,2.0,78241,37.0,168839.0,1643,51730,61082,17159,9,101
431,0.0,4.0,50231,44.7,73597.0,8591,8913,20049,30182,1,144
432,43.0,2.0,25677,44.4,70263.0,5290,4420,9197,16480,3,145
433,6.0,1.0,25677,44.4,70263.0,5290,4420,9197,16480,5,145
434,0.0,2.0,40925,32.3,47047.0,8326,3546,26890,14035,0,64
435,2.0,1.0,35560,27.6,37407.0,7170,2104,26091,9469,3,44
436,0.0,1.0,40925,32.3,47047.0,8326,3546,26890,14035,1,64
437,35.0,2.0,42882,29.3,45094.0,8930,3244,29785,13097,8,63
438,2.0,1.0,42882,29.3,45094.0,8930,3244,29785,13097,3,63
439,4.0,1.0,52922,36.2,64581.0,9779,11512,29599,23323,7,80
440,1.0,2.0,73052,37.3,71900.0,13460,21160,39192,33860,7,104
441,15.0,2.0,52922,36.2,64581.0,9779,11512,29599,23323,10,80
442,103.0,2.0,52922,36.2,64581.0,9779,11512,29599,23323,8,80
443,1.0,2.0,52922,36.2,64581.0,9779,11512,29599,23323,7,80
444,11.0,1.0,52922,36.2,64581.0,9779,11512,29599,23323,3,80
445,34.0,1.0,76863,37.7,189927.0,3876,47891,54649,22214,7,87
446,102.0,2.0,76863,37.7,189927.0,3876,47891,54649,22214,6,87
447,5.0,2.0,76863,37.7,189927.0,3876,47891,54649,22214,3,87
448,0.0,2.0,76863,37.7,189927.0,3876,47891,54649,22214,9,87
449,93.0,2.0,76863,37.7,189927.0,3876,47891,54649,22214,6,87
450,71.0,2.0,76863,37.7,189927.0,3876,47891,54649,22214,6,87
451,240.0,3.0,26928,32.9,185239.0,309,16511,22204,4724,4,93
452,0.0,3.0,26928,32.9,185239.0,309,16511,22204,4724,3,93
453,89.0,4.0,76863,37.7,189927.0,3876,47891,54649,22214,6,87
454,1.0,4.0,76863,37.7,189927.0,3876,47891,54649,22214,6,87
455,304.0,4.0,76863,37.7,189927.0,3876,47891,54649,22214,0,87
456,129.0,3.0,66258,37.6,213703.0,797,45280,55084,11174,4,95
457,174.0,3.0,66258,37.6,213703.0,797,45280,55084,11174,0,95
458,51.0,2.0,66258,37.6,213703.0,797,45280,55084,11174,6,95
459,619.0,3.0,66258,37.6,213703.0,797,45280,55084,11174,1,95
460,440.0,3.0,66258,37.6,213703.0,797,45280,55084,11174,6,95
461,0.0,4.0,66258,37.6,213703.0,797,45280,55084,11174,4,95
462,731.0,3.0,66258,37.6,213703.0,797,45280,55084,11174,4,95
463,2.0,2.0,42698,36.6,266241.0,3196,24433,30796,11902,6,96
464,24.0,1.0,42698,36.6,266241.0,3196,24433,30796,11902,4,96
465,5.0,3.0,42698,36.6,266241.0,3196,24433,30796,11902,6,96
466,65.0,3.0,42698,36.6,266241.0,3196,24433,30796,11902,6,96
467,300.0,2.0,66258,37.6,213703.0,797,45280,55084,11174,6,95
468,37.0,1.0,66258,37.6,213703.0,797,45280,55084,11174,8,95
469,55.0,2.0,66258,37.6,213703.0,797,45280,55084,11174,8,95
470,61.0,3.0,66258,37.6,213703.0,797,45280,55084,11174,6,95
471,67.0,1.0,66258,37.6,213703.0,797,45280,55084,11174,1,95
472,385.0,3.0,42698,36.6,266241.0,3196,24433,30796,11902,4,96
473,369.0,2.0,132455,43.5,205755.0,7024,78789,104012,28443,0,86
474,0.0,3.0,132455,43.5,205755.0,7024,78789,104012,28443,1,86
475,18.0,2.0,132455,43.5,205755.0,7024,78789,104012,28443,5,86
476,0.0,2.0,132455,43.5,205755.0,7024,78789,104012,28443,7,86
477,82.0,2.0,132455,43.5,205755.0,7024,78789,104012,28443,7,86
478,1.0,2.0,132455,43.5,205755.0,7024,78789,104012,28443,7,86
479,0.0,2.0,53094,29.6,117882.0,3599,21186,36941,16153,4,84
480,7.0,2.0,132455,43.5,205755.0,7024,78789,104012,28443,6,86
481,47.0,2.0,132455,43.5,205755.0,7024,78789,104012,28443,8,86
482,121.0,2.0,132455,43.5,205755.0,7024,78789,104012,28443,7,86
483,15.0,2.0,53094,29.6,117882.0,3599,21186,36941,16153,9,84
484,87.0,2.0,132455,43.5,205755.0,7024,78789,104012,28443,1,86
485,60.0,2.0,132455,43.5,205755.0,7024,78789,104012,28443,1,86
486,389.0,2.0,132455,43.5,205755.0,7024,78789,104012,28443,6,86
487,77.0,3.0,132455,43.5,205755.0,7024,78789,104012,28443,6,86
488,24.0,2.0,132455,43.5,205755.0,7024,78789,104012,28443,4,86
489,128.0,3.0,132455,43.5,205755.0,7024,78789,104012,28443,4,86
490,2.0,1.0,132455,43.5,205755.0,7024,78789,104012,28443,3,86
491,0.0,2.0,132455,43.5,205755.0,7024,78789,104012,28443,7,86
492,32.0,3.0,132455,43.5,205755.0,7024,78789,104012,28443,6,86
493,0.0,1.0,50935,34.3,56925.0,8938,7794,29084,21851,3,58
494,0.0,2.0,57685,31.5,54033.0,11098,5270,32066,25619,6,46
495,0.0,1.0,57685,31.5,54033.0,11098,5270,32066,25619,3,46
496,4.0,2.0,28164,28.7,36767.0,6432,1366,16330,11834,4,68
497,1.0,2.0,28164,28.7,36767.0,6432,1366,16330,11834,8,68
498,0.0,1.0,57685,31.5,54033.0,11098,5270,32066,25619,3,46
499,0.0,2.0,28164,28.7,36767.0,6432,1366,16330,11834,8,68
500,0.0,2.0,28164,28.7,36767.0,6432,1366,16330,11834,8,68
501,2.0,2.0,28164,28.7,36767.0,6432,1366,16330,11834,8,68
502,1.0,4.0,28164,28.7,36767.0,6432,1366,16330,11834,2,68
503,0.0,1.0,28164,28.7,36767.0,6432,1366,16330,11834,3,68
504,0.0,3.0,53198,30.5,41920.0,11372,4266,28528,24670,10,69
505,0.0,1.0,56293,30.6,38224.0,11033,4375,33932,22361,3,65
506,0.0,2.0,53198,30.5,41920.0,11372,4266,28528,24670,9,69
507,0.0,1.0,38081,32.5,42188.0,8457,3408,20231,17850,3,78
508,7.0,1.0,47400,44.9,63295.0,5071,9921,34148,13252,1,52
509,67.0,2.0,47400,44.9,63295.0,5071,9921,34148,13252,0,52
510,0.0,2.0,44057,31.6,38738.0,10559,3142,30794,13263,4,54
511,2.0,2.0,44057,31.6,38738.0,10559,3142,30794,13263,4,54
512,0.0,1.0,44057,31.6,38738.0,10559,3142,30794,13263,3,54
513,54.0,4.0,29115,25.2,38077.0,5042,2262,19328,9787,6,47
514,1.0,1.0,29115,25.2,38077.0,5042,2262,19328,9787,1,47
515,1.0,1.0,44057,31.6,38738.0,10559,3142,30794,13263,3,54
516,12.0,3.0,29115,25.2,38077.0,5042,2262,19328,9787,6,47
517,39.0,3.0,29115,25.2,38077.0,5042,2262,19328,9787,6,47
518,32.0,3.0,29115,25.2,38077.0,5042,2262,19328,9787,6,47
519,101.0,3.0,29115,25.2,38077.0,5042,2262,19328,9787,6,47
520,1.0,1.0,29004,33.8,64606.0,4142,4543,19731,9273,3,66
521,96.0,2.0,65631,44.3,84027.0,7091,20248,32200,33431,4,1
522,3.0,3.0,65631,44.3,84027.0,7091,20248,32200,33431,10,1
523,0.0,2.0,65631,44.3,84027.0,7091,20248,32200,33431,0,1
524,35.0,2.0,65631,44.3,84027.0,7091,20248,32200,33431,4,1
525,5.0,1.0,65631,44.3,84027.0,7091,20248,32200,33431,6,1
526,37.0,2.0,27894,47.9,112818.0,2007,8846,24250,3644,0,116
527,1.0,1.0,25347,38.3,73006.0,3497,5250,17269,8078,3,170
528,79.0,1.0,32172,36.8,69915.0,3704,6416,25106,7066,6,165
529,0.0,1.0,25347,38.3,73006.0,3497,5250,17269,8078,7,170
530,1.0,1.0,25347,38.3,73006.0,3497,5250,17269,8078,6,170
531,0.0,3.0,25347,38.3,73006.0,3497,5250,17269,8078,6,170
532,2.0,1.0,25347,38.3,73006.0,3497,5250,17269,8078,3,170
533,0.0,1.0,22380,34.4,92616.0,2062,3626,13675,8705,3,111
534,2.0,2.0,26117,38.3,100691.0,2319,4791,14934,11183,2,112
535,0.0,1.0,26117,38.3,100691.0,2319,4791,14934,11183,3,112
536,24.0,3.0,20933,41.6,99118.0,1511,4506,15364,5569,6,171
537,9.0,1.0,42306,43.2,107248.0,1964,10661,34229,8077,1,172
538,26.0,4.0,20933,41.6,99118.0,1511,4506,15364,5569,1,171
539,21.0,3.0,16292,38.7,96756.0,1431,4360,10953,5339,6,164
540,12.0,3.0,25453,41.1,87523.0,2792,5333,17535,7918,6,169
541,21.0,2.0,16292,38.7,96756.0,1431,4360,10953,5339,4,164
542,17.0,2.0,16292,38.7,96756.0,1431,4360,10953,5339,6,164
543,14.0,4.0,16292,38.7,96756.0,1431,4360,10953,5339,6,164
544,55.0,2.0,24168,37.3,215829.0,459,14831,20301,3867,5,0
545,41.0,2.0,45607,33.9,152758.0,4201,21284,36449,9158,1,16
546,11.0,2.0,24168,37.3,215829.0,459,14831,20301,3867,8,0
547,72.0,2.0,432,38.3,136198.0,5,226,323,109,10,43
548,7.0,3.0,47726,41.3,112856.0,2735,13098,33965,13761,7,21
549,5.0,1.0,47726,41.3,112856.0,2735,13098,33965,13761,3,21
550,14.0,3.0,65502,40.1,73042.0,11778,14577,27924,37578,6,8
551,2.0,2.0,66348,34.0,62320.0,22707,7790,28327,38021,7,13
552,2.0,2.0,29004,33.8,64606.0,4142,4543,19731,9273,0,66
553,0.0,1.0,28913,37.6,75205.0,3726,6602,20132,8781,3,73
554,2.0,2.0,28913,37.6,75205.0,3726,6602,20132,8781,8,73
555,57.0,2.0,29004,33.8,64606.0,4142,4543,19731,9273,6,66
556,15.0,3.0,43766,36.1,161484.0,3350,20913,36203,7563,6,12
557,233.0,2.0,43766,36.1,161484.0,3350,20913,36203,7563,8,12
558,1.0,1.0,43766,36.1,161484.0,3350,20913,36203,7563,3,12
559,11.0,2.0,43766,36.1,161484.0,3350,20913,36203,7563,6,12
560,162.0,2.0,43212,44.8,104934.0,4213,13928,24573,18639,1,141
561,1.0,2.0,43212,44.8,104934.0,4213,13928,24573,18639,3,141
562,2.0,3.0,43212,44.8,104934.0,4213,13928,24573,18639,1,141
563,1.0,2.0,43212,44.8,104934.0,4213,13928,24573,18639,3,141
564,38.0,2.0,43212,44.8,104934.0,4213,13928,24573,18639,5,141
565,19.0,2.0,43212,44.8,104934.0,4213,13928,24573,18639,4,141
566,111.0,2.0,43212,44.8,104934.0,4213,13928,24573,18639,7,141
567,22.0,3.0,43212,44.8,104934.0,4213,13928,24573,18639,6,141
568,22.0,4.0,43212,44.8,104934.0,4213,13928,24573,18639,4,141
569,0.0,1.0,43212,44.8,104934.0,4213,13928,24573,18639,3,141
570,0.0,1.0,54163,30.2,35589.0,13100,2700,39337,14826,7,67
571,0.0,3.0,52700,34.5,72196.0,9561,13996,33349,19351,7,82
572,0.0,1.0,52700,34.5,72196.0,9561,13996,33349,19351,3,82
573,13.0,1.0,93663,35.0,67649.0,21807,20711,48924,44739,7,105
574,12.0,2.0,93663,35.0,67649.0,21807,20711,48924,44739,8,105
575,3.0,2.0,93663,35.0,67649.0,21807,20711,48924,44739,2,105
576,5.0,2.0,59869,36.1,78355.0,9404,15593,45080,14789,7,102
577,1.0,2.0,59869,36.1,78355.0,9404,15593,45080,14789,6,102
578,0.0,3.0,59869,36.1,78355.0,9404,15593,45080,14789,4,102
579,6.0,2.0,59869,36.1,78355.0,9404,15593,45080,14789,4,102
580,1.0,1.0,62810,34.1,52105.0,12245,11306,48616,14194,5,103
581,0.0,1.0,62810,34.1,52105.0,12245,11306,48616,14194,3,103
582,4.0,2.0,59869,36.1,78355.0,9404,15593,45080,14789,5,102
583,2.0,2.0,51064,35.2,99074.0,6296,16966,38788,12276,9,85
584,0.0,1.0,62810,34.1,52105.0,12245,11306,48616,14194,9,103
585,121.0,2.0,50180,43.0,223563.0,946,35743,38160,12020,1,91
586,61.0,3.0,50180,43.0,223563.0,946,35743,38160,12020,6,91
587,0.0,2.0,50180,43.0,223563.0,946,35743,38160,12020,3,91
588,21.0,4.0,50180,43.0,223563.0,946,35743,38160,12020,1,91
589,196.0,2.0,50180,43.0,223563.0,946,35743,38160,12020,0,91
590,1.0,3.0,47775,34.5,150899.0,1996,29042,34591,13184,3,92
591,135.0,2.0,50180,43.0,223563.0,946,35743,38160,12020,1,91
592,82.0,2.0,50180,43.0,223563.0,946,35743,38160,12020,4,91
593,6.0,3.0,50180,43.0,223563.0,946,35743,38160,12020,1,91
594,15.0,4.0,50180,43.0,223563.0,946,35743,38160,12020,6,91
595,21.0,3.0,50180,43.0,223563.0,946,35743,38160,12020,9,91
596,0.0,2.0,50180,43.0,223563.0,946,35743,38160,12020,9,91
597,8.0,1.0,69295,36.6,104067.0,7866,26343,37216,32079,0,132
598,30.0,2.0,69295,36.6,104067.0,7866,26343,37216,32079,5,132
599,13.0,3.0,81559,38.3,184460.0,1634,49984,58658,22901,6,100
600,3.0,2.0,81559,38.3,184460.0,1634,49984,58658,22901,5,100
601,32.0,4.0,81559,38.3,184460.0,1634,49984,58658,22901,6,100
602,326.0,4.0,81559,38.3,184460.0,1634,49984,58658,22901,1,100
603,26.0,4.0,81559,38.3,184460.0,1634,49984,58658,22901,6,100
604,1.0,2.0,81559,38.3,184460.0,1634,49984,58658,22901,5,100
605,422.0,2.0,81559,38.3,184460.0,1634,49984,58658,22901,7,100
606,5.0,2.0,24732,34.4,85973.0,3053,8604,14853,9879,8,157
607,1.0,1.0,24732,34.4,85973.0,3053,8604,14853,9879,1,157
608,9.0,2.0,24732,34.4,85973.0,3053,8604,14853,9879,5,157
609,4.0,2.0,24732,34.4,85973.0,3053,8604,14853,9879,4,157
610,3.0,1.0,74767,34.9,83094.0,8040,30392,43807,30960,3,156
611,58.0,2.0,74767,34.9,83094.0,8040,30392,43807,30960,4,156
612,113.0,2.0,27875,36.3,194326.0,845,17876,18819,9056,4,90
613,302.0,2.0,76863,37.7,189927.0,3876,47891,54649,22214,6,87
614,208.0,3.0,26928,32.9,185239.0,309,16511,22204,4724,1,93
615,60.0,4.0,76863,37.7,189927.0,3876,47891,54649,22214,0,87
616,142.0,2.0,76863,37.7,189927.0,3876,47891,54649,22214,1,87
617,13.0,2.0,48235,36.3,96276.0,4855,17667,30147,18088,8,158
618,24.0,2.0,48235,36.3,96276.0,4855,17667,30147,18088,1,158
619,26.0,2.0,48235,36.3,96276.0,4855,17667,30147,18088,6,158
620,1.0,1.0,48235,36.3,96276.0,4855,17667,30147,18088,3,158
621,59.0,2.0,48235,36.3,96276.0,4855,17667,30147,18088,6,158
622,0.0,2.0,48235,36.3,96276.0,4855,17667,30147,18088,9,158
623,98.0,2.0,48235,36.3,96276.0,4855,17667,30147,18088,4,158
624,141.0,3.0,48235,36.3,96276.0,4855,17667,30147,18088,4,158
625,99.0,2.0,48235,36.3,96276.0,4855,17667,30147,18088,4,158
626,40.0,3.0,88313,42.9,104553.0,4673,40850,46536,41777,1,119
627,125.0,2.0,88313,42.9,104553.0,4673,40850,46536,41777,2,119
628,1.0,1.0,60572,36.9,85858.0,9218,9717,31122,29450,3,146
629,0.0,1.0,82931,38.7,90789.0,15652,11285,37348,45583,3,148
630,10.0,2.0,65068,35.6,82325.0,11579,9680,28074,36994,7,147
631,1.0,1.0,65068,35.6,82325.0,11579,9680,28074,36994,3,147
632,103.0,2.0,82931,38.7,90789.0,15652,11285,37348,45583,6,148
633,131.0,2.0,51064,35.2,99074.0,6296,16966,38788,12276,0,85
634,40.0,2.0,51064,35.2,99074.0,6296,16966,38788,12276,8,85
635,11.0,2.0,51064,35.2,99074.0,6296,16966,38788,12276,2,85
636,7.0,2.0,62810,34.1,52105.0,12245,11306,48616,14194,8,103
637,0.0,1.0,51064,35.2,99074.0,6296,16966,38788,12276,2,85
638,19.0,2.0,62810,34.1,52105.0,12245,11306,48616,14194,5,103
639,10.0,3.0,62810,34.1,52105.0,12245,11306,48616,14194,4,103
640,5.0,3.0,62810,34.1,52105.0,12245,11306,48616,14194,7,103
641,0.0,2.0,62810,34.1,52105.0,12245,11306,48616,14194,8,103
642,0.0,2.0,62810,34.1,52105.0,12245,11306,48616,14194,4,103
643,55.0,2.0,70219,43.8,56347.0,16112,10961,20279,49940,3,124
644,12.0,2.0,70219,43.8,56347.0,16112,10961,20279,49940,1,124
645,0.0,1.0,70219,43.8,56347.0,16112,10961,20279,49940,5,124
646,26.0,1.0,70219,43.8,56347.0,16112,10961,20279,49940,1,124
647,31.0,2.0,70219,43.8,56347.0,16112,10961,20279,49940,1,124
648,18.0,2.0,70219,43.8,56347.0,16112,10961,20279,49940,3,124
649,0.0,2.0,70219,43.8,56347.0,16112,10961,20279,49940,3,124
650,0.0,1.0,70219,43.8,56347.0,16112,10961,20279,49940,3,124
651,61.0,2.0,70219,43.8,56347.0,16112,10961,20279,49940,3,124
652,69.0,2.0,70219,43.8,56347.0,16112,10961,20279,49940,1,124
653,272.0,2.0,70219,43.8,56347.0,16112,10961,20279,49940,3,124
654,117.0,2.0,20269,39.7,76677.0,4323,3603,7518,12751,3,153
655,8.0,2.0,20269,39.7,76677.0,4323,3603,7518,12751,1,153
656,29.0,2.0,31971,45.5,106229.0,3479,9031,20561,11410,1,142
657,0.0,2.0,31971,45.5,106229.0,3479,9031,20561,11410,1,142
658,2.0,2.0,27649,39.8,71380.0,2255,4455,20442,7207,3,110
659,3.0,1.0,27649,39.8,71380.0,2255,4455,20442,7207,3,110
660,0.0,1.0,39203,36.8,84877.0,4658,5074,24498,14705,3,159
661,0.0,1.0,39203,36.8,84877.0,4658,5074,24498,14705,9,159
662,6.0,1.0,82931,38.7,90789.0,15652,11285,37348,45583,2,148
663,0.0,2.0,43888,40.5,85576.0,8666,9265,22759,21129,8,9
664,36.0,2.0,66348,34.0,62320.0,22707,7790,28327,38021,3,13
665,1.0,2.0,54667,33.6,76037.0,13846,10073,31031,23636,7,11
666,3.0,2.0,54667,33.6,76037.0,13846,10073,31031,23636,6,11
667,0.0,2.0,66348,34.0,62320.0,22707,7790,28327,38021,3,13
668,0.0,1.0,66348,34.0,62320.0,22707,7790,28327,38021,3,13
669,27.0,1.0,30316,44.1,100540.0,2207,9629,17007,13309,1,138
670,2.0,2.0,30316,44.1,100540.0,2207,9629,17007,13309,6,138
671,2.0,2.0,54667,33.6,76037.0,13846,10073,31031,23636,9,11
672,3.0,2.0,54667,33.6,76037.0,13846,10073,31031,23636,8,11
673,0.0,4.0,56293,30.6,38224.0,11033,4375,33932,22361,3,65
674,25.0,2.0,50935,34.3,56925.0,8938,7794,29084,21851,7,58
675,0.0,1.0,56293,30.6,38224.0,11033,4375,33932,22361,3,65
676,20.0,3.0,73052,37.3,71900.0,13460,21160,39192,33860,10,104
677,10.0,2.0,73052,37.3,71900.0,13460,21160,39192,33860,4,104
678,2.0,2.0,73052,37.3,71900.0,13460,21160,39192,33860,9,104
679,0.0,3.0,73052,37.3,71900.0,13460,21160,39192,33860,7,104
680,4.0,3.0,17105,42.0,105222.0,1449,4967,13696,3409,1,168
681,1.0,2.0,24111,40.9,109827.0,1385,6336,19890,4221,4,161
682,1.0,1.0,24511,37.1,90427.0,3337,4065,14478,10033,3,149
683,0.0,1.0,60572,36.9,85858.0,9218,9717,31122,29450,3,146
684,0.0,1.0,60572,36.9,85858.0,9218,9717,31122,29450,3,146
685,22.0,3.0,24511,37.1,90427.0,3337,4065,14478,10033,6,149
686,0.0,1.0,29219,45.0,100462.0,2993,6034,23340,5879,3,150
687,0.0,2.0,42306,43.2,107248.0,1964,10661,34229,8077,6,172
688,3.0,2.0,54146,31.2,68097.0,14917,2453,19825,34321,7,127
689,5.0,4.0,58498,34.2,61173.0,11966,6431,25083,33415,9,126
690,3.0,1.0,58498,34.2,61173.0,11966,6431,25083,33415,3,126
691,7.0,2.0,27739,44.8,82629.0,2217,11038,11454,16285,5,120
692,3.0,3.0,27739,44.8,82629.0,2217,11038,11454,16285,3,120
693,30.0,2.0,81745,37.5,65330.0,14649,14977,27018,54727,7,130
694,0.0,1.0,54146,31.2,68097.0,14917,2453,19825,34321,8,127
695,422.0,2.0,42529,32.0,118140.0,2298,22539,32303,10226,6,94
696,225.0,1.0,42529,32.0,118140.0,2298,22539,32303,10226,5,94
697,1.0,2.0,42529,32.0,118140.0,2298,22539,32303,10226,4,94
698,65.0,2.0,42529,32.0,118140.0,2298,22539,32303,10226,7,94
699,2.0,1.0,44062,42.7,71131.0,14050,11945,21558,22504,3,98
700,79.0,1.0,42529,32.0,118140.0,2298,22539,32303,10226,4,94
701,6.0,2.0,19545,36.2,84130.0,1960,3263,14935,4610,3,166
702,6.0,2.0,24111,40.9,109827.0,1385,6336,19890,4221,1,161
703,43.0,2.0,41936,40.7,102974.0,3478,9745,30359,11577,1,160
704,54.0,1.0,41936,40.7,102974.0,3478,9745,30359,11577,1,160
705,6.0,2.0,31907,32.9,78051.0,3763,5219,23181,8726,6,163
706,0.0,2.0,31907,32.9,78051.0,3763,5219,23181,8726,6,163
707,0.0,1.0,68404,42.5,63782.0,14964,17485,47616,20788,3,99
708,22.0,2.0,44062,42.7,71131.0,14050,11945,21558,22504,8,98
709,0.0,1.0,68404,42.5,63782.0,14964,17485,47616,20788,8,99
710,1.0,2.0,44062,42.7,71131.0,14050,11945,21558,22504,1,98
711,0.0,2.0,44062,42.7,71131.0,14050,11945,21558,22504,3,98
712,12.0,1.0,68404,42.5,63782.0,14964,17485,47616,20788,7,99
713,1.0,2.0,44062,42.7,71131.0,14050,11945,21558,22504,3,98
714,1.0,1.0,34431,45.6,61830.0,3685,11984,10279,24152,5,2
715,58.0,3.0,88313,42.9,104553.0,4673,40850,46536,41777,6,119
716,4.0,1.0,88313,42.9,104553.0,4673,40850,46536,41777,3,119
717,0.0,2.0,88313,42.9,104553.0,4673,40850,46536,41777,1,119
718,15.0,4.0,88313,42.9,104553.0,4673,40850,46536,41777,6,119
719,21.0,3.0,88313,42.9,104553.0,4673,40850,46536,41777,6,119
720,1.0,2.0,40435,42.8,96352.0,3635,10136,26131,14304,7,123
721,3.0,2.0,27739,44.8,82629.0,2217,11038,11454,16285,10,120
722,3.0,2.0,88313,42.9,104553.0,4673,40850,46536,41777,4,119
723,0.0,1.0,47775,34.5,150899.0,1996,29042,34591,13184,3,92
724,23.0,3.0,26928,32.9,185239.0,309,16511,22204,4724,5,93
725,47.0,1.0,26928,32.9,185239.0,309,16511,22204,4724,5,93
726,0.0,3.0,47775,34.5,150899.0,1996,29042,34591,13184,10,92
727,0.0,2.0,47775,34.5,150899.0,1996,29042,34591,13184,3,92
728,346.0,3.0,47775,34.5,150899.0,1996,29042,34591,13184,0,92
729,0.0,2.0,47775,34.5,150899.0,1996,29042,34591,13184,1,92
730,7.0,2.0,26928,32.9,185239.0,309,16511,22204,4724,6,93
731,0.0,2.0,26928,32.9,185239.0,309,16511,22204,4724,0,93
732,0.0,1.0,98728,40.2,75438.0,16450,19862,41128,57600,5,129
733,2.0,1.0,98728,40.2,75438.0,16450,19862,41128,57600,3,129
734,1.0,2.0,98728,40.2,75438.0,16450,19862,41128,57600,8,129
735,7.0,3.0,98728,40.2,75438.0,16450,19862,41128,57600,7,129
736,0.0,2.0,98728,40.2,75438.0,16450,19862,41128,57600,6,129
737,5.0,1.0,98728,40.2,75438.0,16450,19862,41128,57600,5,129
738,0.0,1.0,98728,40.2,75438.0,16450,19862,41128,57600,3,129
739,3.0,2.0,98728,40.2,75438.0,16450,19862,41128,57600,7,129
740,8.0,2.0,98728,40.2,75438.0,16450,19862,41128,57600,7,129
741,3.0,1.0,43841,40.1,74166.0,6828,10446,17873,25968,3,154
742,0.0,2.0,42882,29.3,45094.0,8930,3244,29785,13097,4,63
743,0.0,1.0,43476,37.2,84052.0,5975,11326,19150,24326,5,135
744,0.0,2.0,43476,37.2,84052.0,5975,11326,19150,24326,8,135
745,0.0,1.0,53932,36.0,63445.0,10494,8364,19837,34095,0,152
746,0.0,1.0,23166,39.6,89377.0,1437,8023,13555,9611,3,151
747,89.0,2.0,23166,39.6,89377.0,1437,8023,13555,9611,7,151
748,8.0,2.0,23166,39.6,89377.0,1437,8023,13555,9611,5,151
749,0.0,2.0,74767,34.9,83094.0,8040,30392,43807,30960,6,156
750,0.0,1.0,74767,34.9,83094.0,8040,30392,43807,30960,8,156
751,11.0,2.0,48235,36.3,96276.0,4855,17667,30147,18088,4,158
752,5.0,2.0,26928,32.9,185239.0,309,16511,22204,4724,1,93
753,0.0,3.0,42529,32.0,118140.0,2298,22539,32303,10226,4,94
754,3.0,1.0,22032,36.9,145918.0,329,13340,17844,4188,3,107
755,29.0,1.0,33918,35.0,106996.0,2569,16455,24848,9070,4,32
756,13.0,2.0,33918,35.0,106996.0,2569,16455,24848,9070,3,32
757,1.0,1.0,33918,35.0,106996.0,2569,16455,24848,9070,3,32
758,388.0,2.0,33918,35.0,106996.0,2569,16455,24848,9070,4,32
759,104.0,1.0,33918,35.0,106996.0,2569,16455,24848,9070,8,32
760,64.0,2.0,33918,35.0,106996.0,2569,16455,24848,9070,1,32
761,8.0,2.0,33918,35.0,106996.0,2569,16455,24848,9070,4,32
762,2.0,1.0,33918,35.0,106996.0,2569,16455,24848,9070,3,32
763,0.0,2.0,33918,35.0,106996.0,2569,16455,24848,9070,9,32
764,0.0,2.0,69295,36.6,104067.0,7866,26343,37216,32079,4,132
765,55.0,1.0,69295,36.6,104067.0,7866,26343,37216,32079,0,132
766,2.0,1.0,69295,36.6,104067.0,7866,26343,37216,32079,4,132
767,23.0,2.0,69295,36.6,104067.0,7866,26343,37216,32079,6,132
768,182.0,1.0,69295,36.6,104067.0,7866,26343,37216,32079,1,132
769,25.0,2.0,69295,36.6,104067.0,7866,26343,37216,32079,1,132
770,11.0,2.0,66606,34.9,59194.0,10002,8606,40372,26234,10,71
771,0.0,1.0,66606,34.9,59194.0,10002,8606,40372,26234,3,71
772,2.0,1.0,60572,36.9,85858.0,9218,9717,31122,29450,6,146
773,0.0,2.0,60572,36.9,85858.0,9218,9717,31122,29450,9,146
774,0.0,2.0,60572,36.9,85858.0,9218,9717,31122,29450,1,146
775,0.0,2.0,60572,36.9,85858.0,9218,9717,31122,29450,8,146
776,8.0,3.0,65068,35.6,82325.0,11579,9680,28074,36994,7,147
777,0.0,2.0,65068,35.6,82325.0,11579,9680,28074,36994,8,147
778,24.0,4.0,31907,32.9,78051.0,3763,5219,23181,8726,4,163
779,0.0,1.0,23673,33.5,55639.0,3994,4841,14395,9278,3,83
780,3.0,1.0,53094,29.6,117882.0,3599,21186,36941,16153,3,84
781,4.0,2.0,23673,33.5,55639.0,3994,4841,14395,9278,7,83
782,5.0,1.0,23673,33.5,55639.0,3994,4841,14395,9278,3,83
783,14.0,2.0,53094,29.6,117882.0,3599,21186,36941,16153,5,84
784,50.0,2.0,53094,29.6,117882.0,3599,21186,36941,16153,1,84
785,399.0,3.0,53094,29.6,117882.0,3599,21186,36941,16153,0,84
786,65.0,2.0,53094,29.6,117882.0,3599,21186,36941,16153,4,84
787,0.0,1.0,53094,29.6,117882.0,3599,21186,36941,16153,8,84
788,0.0,1.0,41470,34.8,63787.0,6265,5737,28713,12757,3,117
789,1.0,1.0,56522,31.6,67475.0,8152,9502,39293,17229,3,118
790,502.0,2.0,42698,36.6,266241.0,3196,24433,30796,11902,6,96
791,105.0,2.0,42698,36.6,266241.0,3196,24433,30796,11902,6,96
792,2.0,2.0,42698,36.6,266241.0,3196,24433,30796,11902,10,96
793,13.0,1.0,42698,36.6,266241.0,3196,24433,30796,11902,3,96
794,23.0,1.0,42698,36.6,266241.0,3196,24433,30796,11902,3,96
795,24.0,2.0,42698,36.6,266241.0,3196,24433,30796,11902,3,96
796,202.0,1.0,44062,42.7,71131.0,14050,11945,21558,22504,1,98
797,173.0,2.0,42698,36.6,266241.0,3196,24433,30796,11902,1,96
798,137.0,1.0,44062,42.7,71131.0,14050,11945,21558,22504,3,98
799,185.0,1.0,44062,42.7,71131.0,14050,11945,21558,22504,3,98
800,47.0,1.0,42698,36.6,266241.0,3196,24433,30796,11902,1,96
801,10.0,1.0,44062,42.7,71131.0,14050,11945,21558,22504,3,98
802,0.0,1.0,44062,42.7,71131.0,14050,11945,21558,22504,3,98
803,1.0,1.0,35560,27.6,37407.0,7170,2104,26091,9469,3,44
804,0.0,3.0,35560,27.6,37407.0,7170,2104,26091,9469,3,44
805,3.0,2.0,29115,25.2,38077.0,5042,2262,19328,9787,4,47
806,5.0,2.0,29115,25.2,38077.0,5042,2262,19328,9787,4,47
807,0.0,1.0,29115,25.2,38077.0,5042,2262,19328,9787,3,47
808,57.0,3.0,73052,37.3,71900.0,13460,21160,39192,33860,0,104
809,45.0,2.0,73052,37.3,71900.0,13460,21160,39192,33860,5,104
810,62.0,2.0,73052,37.3,71900.0,13460,21160,39192,33860,8,104
811,0.0,2.0,73052,37.3,71900.0,13460,21160,39192,33860,6,104
812,119.0,2.0,73052,37.3,71900.0,13460,21160,39192,33860,6,104
813,6.0,2.0,73052,37.3,71900.0,13460,21160,39192,33860,3,104
814,5.0,2.0,93663,35.0,67649.0,21807,20711,48924,44739,7,105
815,0.0,2.0,73052,37.3,71900.0,13460,21160,39192,33860,9,104
816,4.0,3.0,73052,37.3,71900.0,13460,21160,39192,33860,0,104
817,14.0,2.0,93663,35.0,67649.0,21807,20711,48924,44739,7,105
818,0.0,2.0,93663,35.0,67649.0,21807,20711,48924,44739,9,105
819,8.0,3.0,93663,35.0,67649.0,21807,20711,48924,44739,7,105
820,1.0,1.0,93663,35.0,67649.0,21807,20711,48924,44739,3,105
821,36.0,2.0,93663,35.0,67649.0,21807,20711,48924,44739,1,105
822,7.0,3.0,93663,35.0,67649.0,21807,20711,48924,44739,7,105
823,8.0,4.0,29004,33.8,64606.0,4142,4543,19731,9273,4,66
824,176.0,3.0,28913,37.6,75205.0,3726,6602,20132,8781,6,73
825,11.0,2.0,29004,33.8,64606.0,4142,4543,19731,9273,7,66
826,1.0,1.0,28302,35.4,63935.0,4777,3954,17994,10308,3,76
827,4.0,1.0,28302,35.4,63935.0,4777,3954,17994,10308,3,76
828,36.0,1.0,28302,35.4,63935.0,4777,3954,17994,10308,8,76
829,1.0,1.0,28302,35.4,63935.0,4777,3954,17994,10308,3,76
830,2.0,3.0,28302,35.4,63935.0,4777,3954,17994,10308,4,76
831,0.0,2.0,54163,30.2,35589.0,13100,2700,39337,14826,9,67
832,0.0,2.0,42882,29.3,45094.0,8930,3244,29785,13097,4,63
833,0.0,1.0,54163,30.2,35589.0,13100,2700,39337,14826,3,67
834,34.0,3.0,43888,40.5,85576.0,8666,9265,22759,21129,6,9
835,139.0,2.0,79187,39.7,97326.0,7669,28313,52169,27018,6,10
836,2.0,2.0,43888,40.5,85576.0,8666,9265,22759,21129,0,9
837,9.0,2.0,33020,38.7,82098.0,4833,8031,15890,17130,8,6
838,14.0,3.0,33020,38.7,82098.0,4833,8031,15890,17130,6,6
839,0.0,2.0,43888,40.5,85576.0,8666,9265,22759,21129,3,9
840,4.0,1.0,54667,33.6,76037.0,13846,10073,31031,23636,8,11
841,0.0,2.0,79187,39.7,97326.0,7669,28313,52169,27018,6,10
842,4.0,1.0,79187,39.7,97326.0,7669,28313,52169,27018,3,10
843,45.0,2.0,79187,39.7,97326.0,7669,28313,52169,27018,0,10
844,13.0,2.0,79187,39.7,97326.0,7669,28313,52169,27018,9,10
845,7.0,2.0,79187,39.7,97326.0,7669,28313,52169,27018,8,10
846,24.0,1.0,79187,39.7,97326.0,7669,28313,52169,27018,1,10
847,3.0,3.0,79187,39.7,97326.0,7669,28313,52169,27018,6,10
848,1.0,2.0,79187,39.7,97326.0,7669,28313,52169,27018,0,10
849,7.0,3.0,24111,40.9,109827.0,1385,6336,19890,4221,6,161
850,0.0,1.0,35510,34.3,76511.0,4140,9845,20759,14751,3,18
851,37.0,2.0,66348,34.0,62320.0,22707,7790,28327,38021,1,13
852,213.0,2.0,50231,44.7,73597.0,8591,8913,20049,30182,1,144
853,27.0,2.0,50231,44.7,73597.0,8591,8913,20049,30182,1,144
854,42.0,2.0,45007,34.1,83996.0,4767,11106,23783,21224,1,4
855,1.0,1.0,40958,40.7,90492.0,3930,11728,20778,20180,3,20
856,22.0,2.0,26517,42.2,97199.0,2231,8565,12847,13670,7,113
857,1.0,1.0,53932,36.0,63445.0,10494,8364,19837,34095,3,152
858,0.0,1.0,53932,36.0,63445.0,10494,8364,19837,34095,3,152
859,28.0,3.0,65631,44.3,84027.0,7091,20248,32200,33431,6,1
860,51.0,2.0,28689,35.4,68024.0,2619,5077,14501,14188,2,41
861,51.0,1.0,106883,34.8,74156.0,12611,24921,61178,45705,2,19
862,82.0,2.0,69111,36.1,72416.0,6910,15340,39688,29423,5,24
863,2.0,1.0,42882,29.3,45094.0,8930,3244,29785,13097,3,63
864,0.0,1.0,27864,31.2,42083.0,6035,2403,18119,9745,3,62
865,1.0,1.0,77847,29.4,75825.0,9154,16680,62700,15147,3,31
866,1.0,1.0,32193,35.5,110463.0,3392,11947,24935,7258,3,28
867,17.0,2.0,38930,33.4,109468.0,2335,16773,31966,6964,1,29
868,0.0,1.0,38930,33.4,109468.0,2335,16773,31966,6964,3,29
869,295.0,3.0,32193,35.5,110463.0,3392,11947,24935,7258,6,28
870,111.0,3.0,38930,33.4,109468.0,2335,16773,31966,6964,4,29
871,450.0,2.0,32193,35.5,110463.0,3392,11947,24935,7258,0,28
872,0.0,1.0,53932,36.0,63445.0,10494,8364,19837,34095,2,152
873,10.0,2.0,53932,36.0,63445.0,10494,8364,19837,34095,4,152
874,1.0,3.0,53932,36.0,63445.0,10494,8364,19837,34095,7,152
875,24.0,2.0,53932,36.0,63445.0,10494,8364,19837,34095,5,152
876,1.0,1.0,43476,37.2,84052.0,5975,11326,19150,24326,3,135
877,33.0,2.0,53932,36.0,63445.0,10494,8364,19837,34095,7,152
878,0.0,2.0,53932,36.0,63445.0,10494,8364,19837,34095,9,152
879,1.0,2.0,90847,38.3,73256.0,18526,18582,40121,50726,10,7
880,1.0,2.0,65502,40.1,73042.0,11778,14577,27924,37578,6,8
881,0.0,1.0,57036,32.3,126056.0,5860,25475,42759,14277,3,30
882,0.0,2.0,72925,30.7,66570.0,12502,13571,53511,19414,2,34
883,0.0,1.0,109987,34.0,69419.0,13073,26755,77095,32892,3,25
884,179.0,2.0,109987,34.0,69419.0,13073,26755,77095,32892,2,25
885,454.0,1.0,109987,34.0,69419.0,13073,26755,77095,32892,7,25
886,4.0,1.0,109987,34.0,69419.0,13073,26755,77095,32892,3,25
887,4.0,2.0,40451,32.7,71827.0,3516,9514,25807,14644,2,26
888,32.0,1.0,69111,36.1,72416.0,6910,15340,39688,29423,6,24
889,0.0,1.0,54666,40.3,65997.0,5799,9246,26245,28421,3,42
890,5.0,1.0,52174,36.5,37269.0,8799,4100,37742,14432,3,35
891,59.0,2.0,106883,34.8,74156.0,12611,24921,61178,45705,0,19
892,2.0,2.0,57051,30.7,69755.0,11175,11548,36405,20646,4,33
893,1.0,2.0,57051,30.7,69755.0,11175,11548,36405,20646,3,33
894,7.0,2.0,72925,30.7,66570.0,12502,13571,53511,19414,3,34
895,7.0,1.0,75437,33.9,81047.0,9511,13827,41373,34064,3,122
896,16.0,1.0,57051,30.7,69755.0,11175,11548,36405,20646,3,33
897,5.0,2.0,75437,33.9,81047.0,9511,13827,41373,34064,9,122
898,0.0,2.0,75437,33.9,81047.0,9511,13827,41373,34064,9,122
899,0.0,1.0,57051,30.7,69755.0,11175,11548,36405,20646,8,33
900,2.0,1.0,75437,33.9,81047.0,9511,13827,41373,34064,3,122
901,0.0,1.0,75437,33.9,81047.0,9511,13827,41373,34064,3,122
902,24.0,1.0,74731,36.0,176550.0,3220,43249,62461,12270,3,15
903,32.0,2.0,74731,36.0,176550.0,3220,43249,62461,12270,7,15
904,53.0,3.0,74731,36.0,176550.0,3220,43249,62461,12270,2,15
905,93.0,2.0,74767,34.9,83094.0,8040,30392,43807,30960,0,156
906,1.0,1.0,28302,35.4,63935.0,4777,3954,17994,10308,1,76
907,1.0,2.0,30372,38.5,63544.0,4000,5763,21109,9263,8,72
908,3.0,1.0,30372,38.5,63544.0,4000,5763,21109,9263,3,72
909,0.0,1.0,57685,31.5,54033.0,11098,5270,32066,25619,4,46
910,0.0,3.0,27875,36.3,194326.0,845,17876,18819,9056,0,90
911,0.0,2.0,49758,38.7,130078.0,2887,29051,33518,16240,1,89
912,24.0,2.0,49758,38.7,130078.0,2887,29051,33518,16240,1,89
913,149.0,2.0,49758,38.7,130078.0,2887,29051,33518,16240,3,89
914,337.0,2.0,49758,38.7,130078.0,2887,29051,33518,16240,8,89
915,235.0,2.0,49758,38.7,130078.0,2887,29051,33518,16240,1,89
916,142.0,1.0,27875,36.3,194326.0,845,17876,18819,9056,1,90
917,37.0,2.0,49758,38.7,130078.0,2887,29051,33518,16240,1,89
918,165.0,3.0,49758,38.7,130078.0,2887,29051,33518,16240,4,89
919,359.0,1.0,49758,38.7,130078.0,2887,29051,33518,16240,1,89
920,33.0,2.0,49758,38.7,130078.0,2887,29051,33518,16240,6,89
921,47.0,3.0,49758,38.7,130078.0,2887,29051,33518,16240,6,89
922,149.0,4.0,49758,38.7,130078.0,2887,29051,33518,16240,10,89
923,278.0,3.0,49758,38.7,130078.0,2887,29051,33518,16240,0,89
924,66.0,3.0,49758,38.7,130078.0,2887,29051,33518,16240,8,89
925,32.0,4.0,49758,38.7,130078.0,2887,29051,33518,16240,4,89
926,70.0,3.0,49758,38.7,130078.0,2887,29051,33518,16240,8,89
927,61.0,4.0,49758,38.7,130078.0,2887,29051,33518,16240,6,89
928,159.0,3.0,49758,38.7,130078.0,2887,29051,33518,16240,1,89
929,0.0,2.0,49758,38.7,130078.0,2887,29051,33518,16240,8,89
930,27.0,3.0,49758,38.7,130078.0,2887,29051,33518,16240,7,89
931,1.0,1.0,54256,40.2,90916.0,6104,9162,28533,25723,3,134
932,0.0,1.0,81745,37.5,65330.0,14649,14977,27018,54727,5,130
933,37.0,2.0,81745,37.5,65330.0,14649,14977,27018,54727,1,130
934,0.0,1.0,24234,40.6,77369.0,4039,5374,8244,15990,3,143
935,0.0,2.0,81745,37.5,65330.0,14649,14977,27018,54727,3,130
936,0.0,1.0,81745,37.5,65330.0,14649,14977,27018,54727,10,130
937,83.0,2.0,81745,37.5,65330.0,14649,14977,27018,54727,1,130
938,0.0,1.0,43858,40.2,79562.0,5554,8742,25017,18841,1,77
939,2.0,1.0,43858,40.2,79562.0,5554,8742,25017,18841,3,77
940,0.0,1.0,96755,33.6,52601.0,11438,8981,65544,31211,1,36
941,4.0,1.0,82931,38.7,90789.0,15652,11285,37348,45583,2,148
942,1.0,1.0,82931,38.7,90789.0,15652,11285,37348,45583,7,148
943,0.0,2.0,82931,38.7,90789.0,15652,11285,37348,45583,3,148
944,1.0,1.0,33020,38.7,82098.0,4833,8031,15890,17130,3,6
945,6.0,2.0,90847,38.3,73256.0,18526,18582,40121,50726,1,7
946,8.0,2.0,90847,38.3,73256.0,18526,18582,40121,50726,3,7
947,5.0,2.0,90847,38.3,73256.0,18526,18582,40121,50726,3,7
948,55.0,2.0,81745,37.5,65330.0,14649,14977,27018,54727,7,130
949,116.0,1.0,24234,40.6,77369.0,4039,5374,8244,15990,1,143
950,24.0,2.0,81745,37.5,65330.0,14649,14977,27018,54727,1,130
951,30.0,4.0,81745,37.5,65330.0,14649,14977,27018,54727,1,130
952,3.0,1.0,43841,40.1,74166.0,6828,10446,17873,25968,3,154
953,65.0,2.0,36038,34.1,91339.0,5405,13048,26632,9406,7,39
954,3.0,1.0,36038,34.1,91339.0,5405,13048,26632,9406,3,39
955,174.0,3.0,57036,32.3,126056.0,5860,25475,42759,14277,6,30
956,42.0,2.0,36038,34.1,91339.0,5405,13048,26632,9406,6,39
957,18.0,2.0,57036,32.3,126056.0,5860,25475,42759,14277,6,30
958,3.0,1.0,57036,32.3,126056.0,5860,25475,42759,14277,3,30
959,230.0,2.0,57036,32.3,126056.0,5860,25475,42759,14277,3,30
960,114.0,2.0,57036,32.3,126056.0,5860,25475,42759,14277,6,30
961,188.0,2.0,57036,32.3,126056.0,5860,25475,42759,14277,4,30
962,13.0,2.0,36038,34.1,91339.0,5405,13048,26632,9406,7,39
963,0.0,1.0,82931,38.7,90789.0,15652,11285,37348,45583,3,148
964,0.0,1.0,82931,38.7,90789.0,15652,11285,37348,45583,3,148
965,0.0,2.0,82931,38.7,90789.0,15652,11285,37348,45583,2,148
966,0.0,2.0,45680,33.8,214165.0,1068,28920,32770,12910,1,97
967,3.0,3.0,45680,33.8,214165.0,1068,28920,32770,12910,6,97
968,3.0,3.0,45680,33.8,214165.0,1068,28920,32770,12910,9,97
969,9.0,1.0,45680,33.8,214165.0,1068,28920,32770,12910,3,97
970,89.0,3.0,45680,33.8,214165.0,1068,28920,32770,12910,4,97
971,108.0,3.0,42698,36.6,266241.0,3196,24433,30796,11902,6,96
972,101.0,3.0,45680,33.8,214165.0,1068,28920,32770,12910,0,97
973,0.0,2.0,45680,33.8,214165.0,1068,28920,32770,12910,9,97
974,7.0,1.0,45680,33.8,214165.0,1068,28920,32770,12910,3,97
975,395.0,2.0,45680,33.8,214165.0,1068,28920,32770,12910,8,97
976,86.0,2.0,45680,33.8,214165.0,1068,28920,32770,12910,8,97
977,89.0,2.0,45680,33.8,214165.0,1068,28920,32770,12910,5,97
978,117.0,2.0,45680,33.8,214165.0,1068,28920,32770,12910,7,97
979,1426.0,2.0,42698,36.6,266241.0,3196,24433,30796,11902,0,96
980,311.0,2.0,42698,36.6,266241.0,3196,24433,30796,11902,1,96
981,589.0,3.0,42698,36.6,266241.0,3196,24433,30796,11902,5,96
982,163.0,2.0,42698,36.6,266241.0,3196,24433,30796,11902,6,96
983,178.0,1.0,45680,33.8,214165.0,1068,28920,32770,12910,10,97
984,553.0,4.0,62685,41.7,218554.0,1314,41417,48067,14618,4,88
985,274.0,3.0,62685,41.7,218554.0,1314,41417,48067,14618,4,88
986,1011.0,4.0,27875,36.3,194326.0,845,17876,18819,9056,10,90
987,166.0,3.0,62685,41.7,218554.0,1314,41417,48067,14618,1,88
988,1550.0,3.0,62685,41.7,218554.0,1314,41417,48067,14618,0,88
989,37.0,2.0,27875,36.3,194326.0,845,17876,18819,9056,1,90
990,121.0,3.0,27875,36.3,194326.0,845,17876,18819,9056,4,90
991,25.0,4.0,62685,41.7,218554.0,1314,41417,48067,14618,0,88
992,23.0,2.0,62685,41.7,218554.0,1314,41417,48067,14618,1,88
993,0.0,4.0,62685,41.7,218554.0,1314,41417,48067,14618,9,88
994,130.0,2.0,62685,41.7,218554.0,1314,41417,48067,14618,6,88
995,76.0,4.0,62685,41.7,218554.0,1314,41417,48067,14618,6,88
996,170.0,4.0,62685,41.7,218554.0,1314,41417,48067,14618,6,88
997,39.0,3.0,62685,41.7,218554.0,1314,41417,48067,14618,4,88
998,71.0,2.0,132455,43.5,205755.0,7024,78789,104012,28443,3,86
999,0.0,2.0,27875,36.3,194326.0,845,17876,18819,9056,8,90
1000,0.0,3.0,27875,36.3,194326.0,845,17876,18819,9056,9,90
1001,88.0,3.0,27875,36.3,194326.0,845,17876,18819,9056,6,90
1002,1.0,2.0,27875,36.3,194326.0,845,17876,18819,9056,1,90
1003,0.0,4.0,27875,36.3,194326.0,845,17876,18819,9056,6,90
1004,19.0,2.0,27875,36.3,194326.0,845,17876,18819,9056,10,90
1005,54.0,1.0,27875,36.3,194326.0,845,17876,18819,9056,5,90
1006,0.0,2.0,27875,36.3,194326.0,845,17876,18819,9056,1,90
1007,0.0,2.0,27875,36.3,194326.0,845,17876,18819,9056,0,90
1008,35.0,2.0,27875,36.3,194326.0,845,17876,18819,9056,0,90
1009,5.0,3.0,27875,36.3,194326.0,845,17876,18819,9056,6,90
1010,0.0,3.0,27875,36.3,194326.0,845,17876,18819,9056,6,90
1011,28.0,3.0,55649,51.2,332403.0,742,38605,44909,10740,4,106
1012,90.0,3.0,55649,51.2,332403.0,742,38605,44909,10740,6,106
1013,15.0,2.0,55649,51.2,332403.0,742,38605,44909,10740,1,106
1014,19.0,4.0,55649,51.2,332403.0,742,38605,44909,10740,6,106
1015,149.0,3.0,55649,51.2,332403.0,742,38605,44909,10740,4,106
1016,32.0,4.0,55649,51.2,332403.0,742,38605,44909,10740,6,106
1017,63.0,2.0,55649,51.2,332403.0,742,38605,44909,10740,1,106
1018,12.0,4.0,55649,51.2,332403.0,742,38605,44909,10740,6,106
1019,0.0,1.0,78241,37.0,168839.0,1643,51730,61082,17159,1,101
1020,42.0,3.0,55649,51.2,332403.0,742,38605,44909,10740,6,106
1021,4.0,2.0,55649,51.2,332403.0,742,38605,44909,10740,0,106
1022,15.0,4.0,78241,37.0,168839.0,1643,51730,61082,17159,6,101
1023,12.0,3.0,78241,37.0,168839.0,1643,51730,61082,17159,6,101
1024,472.0,4.0,55649,51.2,332403.0,742,38605,44909,10740,4,106
1025,104.0,2.0,78241,37.0,168839.0,1643,51730,61082,17159,1,101
1026,127.0,4.0,55649,51.2,332403.0,742,38605,44909,10740,6,106
1027,278.0,3.0,55649,51.2,332403.0,742,38605,44909,10740,6,106
1028,251.0,3.0,55649,51.2,332403.0,742,38605,44909,10740,6,106
1029,11.0,3.0,55649,51.2,332403.0,742,38605,44909,10740,9,106
1030,186.0,3.0,55649,51.2,332403.0,742,38605,44909,10740,1,106
1031,130.0,3.0,55649,51.2,332403.0,742,38605,44909,10740,4,106
1032,29.0,2.0,55649,51.2,332403.0,742,38605,44909,10740,5,106
1033,46.0,4.0,55649,51.2,332403.0,742,38605,44909,10740,0,106
1034,0.0,3.0,78241,37.0,168839.0,1643,51730,61082,17159,6,101
1035,91.0,2.0,78241,37.0,168839.0,1643,51730,61082,17159,1,101
1036,59.0,2.0,81559,38.3,184460.0,1634,49984,58658,22901,6,100
1037,15.0,2.0,81559,38.3,184460.0,1634,49984,58658,22901,4,100
1038,37.0,3.0,81559,38.3,184460.0,1634,49984,58658,22901,6,100
1039,3.0,2.0,106883,34.8,74156.0,12611,24921,61178,45705,3,19
1040,0.0,2.0,38081,32.5,42188.0,8457,3408,20231,17850,8,78
1041,26.0,4.0,38081,32.5,42188.0,8457,3408,20231,17850,7,78
1042,19.0,2.0,50935,34.3,56925.0,8938,7794,29084,21851,8,58
1043,0.0,1.0,31295,42.6,99641.0,3153,11667,22189,9106,3,59
1044,1.0,2.0,31295,42.6,99641.0,3153,11667,22189,9106,7,59
1045,62.0,2.0,31295,42.6,99641.0,3153,11667,22189,9106,2,59
1046,0.0,1.0,31295,42.6,99641.0,3153,11667,22189,9106,3,59
1047,24.0,3.0,74731,36.0,176550.0,3220,43249,62461,12270,0,15
1048,211.0,3.0,21237,36.3,141251.0,1420,11716,16595,4642,1,27
1049,247.0,2.0,21237,36.3,141251.0,1420,11716,16595,4642,1,27
1050,111.0,2.0,74731,36.0,176550.0,3220,43249,62461,12270,2,15
1051,47.0,4.0,74731,36.0,176550.0,3220,43249,62461,12270,4,15
1052,286.0,2.0,74731,36.0,176550.0,3220,43249,62461,12270,0,15
1053,203.0,2.0,21237,36.3,141251.0,1420,11716,16595,4642,1,27
1054,3.0,2.0,74731,36.0,176550.0,3220,43249,62461,12270,8,15
1055,0.0,1.0,74731,36.0,176550.0,3220,43249,62461,12270,9,15
1056,26.0,3.0,74731,36.0,176550.0,3220,43249,62461,12270,8,15
1057,44.0,2.0,74731,36.0,176550.0,3220,43249,62461,12270,7,15
1058,46.0,2.0,74731,36.0,176550.0,3220,43249,62461,12270,8,15
1059,124.0,3.0,74731,36.0,176550.0,3220,43249,62461,12270,0,15
1060,4.0,1.0,74731,36.0,176550.0,3220,43249,62461,12270,3,15
1061,1.0,1.0,74731,36.0,176550.0,3220,43249,62461,12270,3,15
1062,53.0,2.0,74731,36.0,176550.0,3220,43249,62461,12270,6,15
1063,0.0,1.0,86117,34.9,71178.0,11265,20390,66245,19872,3,81
1064,1.0,1.0,52700,34.5,72196.0,9561,13996,33349,19351,3,82
1065,0.0,1.0,51064,35.2,99074.0,6296,16966,38788,12276,3,85
1066,18.0,2.0,51064,35.2,99074.0,6296,16966,38788,12276,4,85
1067,4.0,2.0,52700,34.5,72196.0,9561,13996,33349,19351,7,82
1068,0.0,1.0,52700,34.5,72196.0,9561,13996,33349,19351,9,82
1069,39.0,3.0,78241,37.0,168839.0,1643,51730,61082,17159,1,101
1070,20.0,3.0,78241,37.0,168839.0,1643,51730,61082,17159,6,101
1071,6.0,1.0,78241,37.0,168839.0,1643,51730,61082,17159,3,101
1072,4.0,1.0,78241,37.0,168839.0,1643,51730,61082,17159,3,101
1073,14.0,2.0,78241,37.0,168839.0,1643,51730,61082,17159,5,101
1074,17.0,4.0,78241,37.0,168839.0,1643,51730,61082,17159,1,101
1075,73.0,2.0,81559,38.3,184460.0,1634,49984,58658,22901,8,100
1076,43.0,2.0,78241,37.0,168839.0,1643,51730,61082,17159,6,101
1077,120.0,3.0,78241,37.0,168839.0,1643,51730,61082,17159,6,101
1078,118.0,2.0,78241,37.0,168839.0,1643,51730,61082,17159,8,101
1079,0.0,3.0,40925,32.3,47047.0,8326,3546,26890,14035,3,64
1080,3.0,1.0,42882,29.3,45094.0,8930,3244,29785,13097,3,63
1081,0.0,1.0,52922,36.2,64581.0,9779,11512,29599,23323,3,80
1082,2.0,1.0,52922,36.2,64581.0,9779,11512,29599,23323,3,80
1083,20.0,2.0,73052,37.3,71900.0,13460,21160,39192,33860,4,104
1084,223.0,2.0,76863,37.7,189927.0,3876,47891,54649,22214,3,87
1085,20.0,3.0,27875,36.3,194326.0,845,17876,18819,9056,6,90
1086,7.0,1.0,76863,37.7,189927.0,3876,47891,54649,22214,3,87
1087,171.0,2.0,66258,37.6,213703.0,797,45280,55084,11174,6,95
1088,350.0,3.0,76863,37.7,189927.0,3876,47891,54649,22214,0,87
1089,84.0,3.0,76863,37.7,189927.0,3876,47891,54649,22214,4,87
1090,80.0,2.0,76863,37.7,189927.0,3876,47891,54649,22214,1,87
1091,72.0,3.0,76863,37.7,189927.0,3876,47891,54649,22214,6,87
1092,151.0,3.0,76863,37.7,189927.0,3876,47891,54649,22214,4,87
1093,0.0,2.0,27875,36.3,194326.0,845,17876,18819,9056,4,90
1094,342.0,3.0,66258,37.6,213703.0,797,45280,55084,11174,4,95
1095,84.0,3.0,66258,37.6,213703.0,797,45280,55084,11174,6,95
1096,195.0,3.0,66258,37.6,213703.0,797,45280,55084,11174,7,95
1097,167.0,2.0,66258,37.6,213703.0,797,45280,55084,11174,1,95
1098,0.0,2.0,66258,37.6,213703.0,797,45280,55084,11174,6,95
1099,150.0,2.0,66258,37.6,213703.0,797,45280,55084,11174,4,95
1100,381.0,2.0,66258,37.6,213703.0,797,45280,55084,11174,10,95
1101,50.0,2.0,66258,37.6,213703.0,797,45280,55084,11174,8,95
1102,381.0,3.0,66258,37.6,213703.0,797,45280,55084,11174,4,95
1103,67.0,2.0,66258,37.6,213703.0,797,45280,55084,11174,1,95
1104,535.0,3.0,66258,37.6,213703.0,797,45280,55084,11174,6,95
1105,822.0,2.0,66258,37.6,213703.0,797,45280,55084,11174,0,95
1106,63.0,2.0,66258,37.6,213703.0,797,45280,55084,11174,1,95
1107,22.0,2.0,132455,43.5,205755.0,7024,78789,104012,28443,3,86
1108,26.0,2.0,132455,43.5,205755.0,7024,78789,104012,28443,8,86
1109,4.0,1.0,53094,29.6,117882.0,3599,21186,36941,16153,7,84
1110,210.0,2.0,132455,43.5,205755.0,7024,78789,104012,28443,4,86
1111,106.0,2.0,132455,43.5,205755.0,7024,78789,104012,28443,5,86
1112,2.0,2.0,132455,43.5,205755.0,7024,78789,104012,28443,8,86
1113,2.0,1.0,132455,43.5,205755.0,7024,78789,104012,28443,3,86
1114,3.0,2.0,132455,43.5,205755.0,7024,78789,104012,28443,1,86
1115,265.0,3.0,132455,43.5,205755.0,7024,78789,104012,28443,7,86
1116,13.0,2.0,132455,43.5,205755.0,7024,78789,104012,28443,7,86
1117,42.0,2.0,132455,43.5,205755.0,7024,78789,104012,28443,5,86
1118,57.0,2.0,132455,43.5,205755.0,7024,78789,104012,28443,6,86
1119,4.0,2.0,53094,29.6,117882.0,3599,21186,36941,16153,3,84
1120,0.0,2.0,132455,43.5,205755.0,7024,78789,104012,28443,4,86
1121,2.0,2.0,57685,31.5,54033.0,11098,5270,32066,25619,8,46
1122,0.0,1.0,28164,28.7,36767.0,6432,1366,16330,11834,3,68
1123,11.0,3.0,28164,28.7,36767.0,6432,1366,16330,11834,4,68
1124,12.0,3.0,56293,30.6,38224.0,11033,4375,33932,22361,7,65
1125,1.0,1.0,35560,27.6,37407.0,7170,2104,26091,9469,0,44
1126,33.0,3.0,29115,25.2,38077.0,5042,2262,19328,9787,6,47
1127,40.0,2.0,44057,31.6,38738.0,10559,3142,30794,13263,4,54
1128,65.0,3.0,29115,25.2,38077.0,5042,2262,19328,9787,6,47
1129,66.0,2.0,29115,25.2,38077.0,5042,2262,19328,9787,8,47
1130,20.0,3.0,65631,44.3,84027.0,7091,20248,32200,33431,4,1
1131,36.0,1.0,24168,37.3,215829.0,459,14831,20301,3867,3,0
1132,150.0,2.0,45607,33.9,152758.0,4201,21284,36449,9158,8,16
1133,33.0,2.0,24168,37.3,215829.0,459,14831,20301,3867,1,0
1134,1.0,1.0,45607,33.9,152758.0,4201,21284,36449,9158,3,16
1135,93.0,2.0,24168,37.3,215829.0,459,14831,20301,3867,6,0
1136,48.0,2.0,24168,37.3,215829.0,459,14831,20301,3867,1,0
1137,33.0,2.0,45607,33.9,152758.0,4201,21284,36449,9158,1,16
1138,482.0,2.0,43766,36.1,161484.0,3350,20913,36203,7563,1,12
1139,315.0,2.0,45607,33.9,152758.0,4201,21284,36449,9158,1,16
1140,171.0,1.0,54667,33.6,76037.0,13846,10073,31031,23636,8,11
1141,42.0,3.0,28913,37.6,75205.0,3726,6602,20132,8781,4,73
1142,7.0,3.0,43212,44.8,104934.0,4213,13928,24573,18639,4,141
1143,49.0,1.0,43212,44.8,104934.0,4213,13928,24573,18639,1,141
1144,123.0,2.0,43212,44.8,104934.0,4213,13928,24573,18639,4,141
1145,16.0,2.0,43212,44.8,104934.0,4213,13928,24573,18639,1,141
1146,16.0,2.0,43212,44.8,104934.0,4213,13928,24573,18639,1,141
1147,0.0,1.0,59869,36.1,78355.0,9404,15593,45080,14789,3,102
1148,18.0,3.0,59869,36.1,78355.0,9404,15593,45080,14789,4,102
1149,1.0,1.0,59869,36.1,78355.0,9404,15593,45080,14789,3,102
1150,1.0,1.0,59869,36.1,78355.0,9404,15593,45080,14789,3,102
1151,2.0,1.0,59869,36.1,78355.0,9404,15593,45080,14789,3,102
1152,1.0,2.0,62810,34.1,52105.0,12245,11306,48616,14194,9,103
1153,0.0,2.0,59869,36.1,78355.0,9404,15593,45080,14789,4,102
1154,3.0,2.0,62810,34.1,52105.0,12245,11306,48616,14194,8,103
1155,0.0,3.0,50180,43.0,223563.0,946,35743,38160,12020,1,91
1156,1575.0,3.0,50180,43.0,223563.0,946,35743,38160,12020,0,91
1157,47.0,2.0,50180,43.0,223563.0,946,35743,38160,12020,4,91
1158,0.0,3.0,50180,43.0,223563.0,946,35743,38160,12020,6,91
1159,2.0,1.0,50180,43.0,223563.0,946,35743,38160,12020,3,91
1160,210.0,3.0,50180,43.0,223563.0,946,35743,38160,12020,8,91
1161,30.0,2.0,50180,43.0,223563.0,946,35743,38160,12020,4,91
1162,11.0,2.0,50180,43.0,223563.0,946,35743,38160,12020,6,91
1163,11.0,3.0,50180,43.0,223563.0,946,35743,38160,12020,4,91
1164,8.0,2.0,47775,34.5,150899.0,1996,29042,34591,13184,3,92
1165,38.0,3.0,47775,34.5,150899.0,1996,29042,34591,13184,4,92
1166,254.0,2.0,47775,34.5,150899.0,1996,29042,34591,13184,7,92
1167,68.0,3.0,50180,43.0,223563.0,946,35743,38160,12020,6,91
1168,0.0,2.0,47775,34.5,150899.0,1996,29042,34591,13184,8,92
1169,324.0,2.0,47775,34.5,150899.0,1996,29042,34591,13184,8,92
1170,54.0,4.0,47775,34.5,150899.0,1996,29042,34591,13184,6,92
1171,40.0,3.0,50180,43.0,223563.0,946,35743,38160,12020,6,91
1172,227.0,2.0,47775,34.5,150899.0,1996,29042,34591,13184,8,92
1173,31.0,4.0,50180,43.0,223563.0,946,35743,38160,12020,6,91
1174,36.0,1.0,50180,43.0,223563.0,946,35743,38160,12020,3,91
1175,8.0,4.0,81559,38.3,184460.0,1634,49984,58658,22901,6,100
1176,2.0,4.0,81559,38.3,184460.0,1634,49984,58658,22901,4,100
1177,101.0,3.0,50180,43.0,223563.0,946,35743,38160,12020,5,91
1178,69.0,1.0,81559,38.3,184460.0,1634,49984,58658,22901,6,100
1179,76.0,2.0,81559,38.3,184460.0,1634,49984,58658,22901,1,100
1180,92.0,2.0,81559,38.3,184460.0,1634,49984,58658,22901,8,100
1181,37.0,4.0,81559,38.3,184460.0,1634,49984,58658,22901,6,100
1182,17.0,4.0,81559,38.3,184460.0,1634,49984,58658,22901,6,100
1183,59.0,2.0,81559,38.3,184460.0,1634,49984,58658,22901,1,100
1184,32.0,2.0,81559,38.3,184460.0,1634,49984,58658,22901,4,100
1185,102.0,3.0,81559,38.3,184460.0,1634,49984,58658,22901,4,100
1186,22.0,3.0,78241,37.0,168839.0,1643,51730,61082,17159,4,101
1187,0.0,2.0,81559,38.3,184460.0,1634,49984,58658,22901,1,100
1188,72.0,2.0,74767,34.9,83094.0,8040,30392,43807,30960,6,156
1189,8.0,1.0,74767,34.9,83094.0,8040,30392,43807,30960,3,156
1190,0.0,1.0,74767,34.9,83094.0,8040,30392,43807,30960,3,156
1191,240.0,2.0,74767,34.9,83094.0,8040,30392,43807,30960,5,156
1192,8.0,1.0,74767,34.9,83094.0,8040,30392,43807,30960,3,156
1193,433.0,2.0,74767,34.9,83094.0,8040,30392,43807,30960,0,156
1194,130.0,2.0,74767,34.9,83094.0,8040,30392,43807,30960,4,156
1195,3.0,2.0,74767,34.9,83094.0,8040,30392,43807,30960,0,156
1196,151.0,2.0,27875,36.3,194326.0,845,17876,18819,9056,6,90
1197,188.0,2.0,27875,36.3,194326.0,845,17876,18819,9056,1,90
1198,3.0,3.0,27875,36.3,194326.0,845,17876,18819,9056,9,90
1199,22.0,3.0,27875,36.3,194326.0,845,17876,18819,9056,0,90
1200,0.0,1.0,42529,32.0,118140.0,2298,22539,32303,10226,0,94
1201,89.0,3.0,66258,37.6,213703.0,797,45280,55084,11174,4,95
1202,15.0,1.0,48235,36.3,96276.0,4855,17667,30147,18088,1,158
1203,339.0,2.0,51064,35.2,99074.0,6296,16966,38788,12276,6,85
1204,0.0,3.0,51064,35.2,99074.0,6296,16966,38788,12276,3,85
1205,0.0,2.0,62810,34.1,52105.0,12245,11306,48616,14194,2,103
1206,2.0,2.0,62810,34.1,52105.0,12245,11306,48616,14194,3,103
1207,59.0,1.0,62810,34.1,52105.0,12245,11306,48616,14194,4,103
1208,0.0,1.0,86117,34.9,71178.0,11265,20390,66245,19872,3,81
1209,0.0,2.0,70219,43.8,56347.0,16112,10961,20279,49940,3,124
1210,98.0,1.0,70219,43.8,56347.0,16112,10961,20279,49940,1,124
1211,1.0,2.0,70219,43.8,56347.0,16112,10961,20279,49940,3,124
1212,8.0,3.0,70219,43.8,56347.0,16112,10961,20279,49940,1,124
1213,11.0,1.0,70219,43.8,56347.0,16112,10961,20279,49940,3,124
1214,10.0,2.0,70219,43.8,56347.0,16112,10961,20279,49940,6,124
1215,0.0,2.0,70219,43.8,56347.0,16112,10961,20279,49940,9,124
1216,0.0,4.0,70219,43.8,56347.0,16112,10961,20279,49940,1,124
1217,268.0,1.0,66348,34.0,62320.0,22707,7790,28327,38021,10,13
1218,66.0,2.0,66348,34.0,62320.0,22707,7790,28327,38021,3,13
1219,1.0,1.0,66348,34.0,62320.0,22707,7790,28327,38021,1,13
1220,0.0,1.0,66348,34.0,62320.0,22707,7790,28327,38021,1,13
1221,0.0,2.0,54667,33.6,76037.0,13846,10073,31031,23636,4,11
1222,10.0,2.0,54667,33.6,76037.0,13846,10073,31031,23636,4,11
1223,187.0,3.0,58498,34.2,61173.0,11966,6431,25083,33415,6,126
1224,32.0,2.0,54146,31.2,68097.0,14917,2453,19825,34321,7,127
1225,17.0,2.0,54146,31.2,68097.0,14917,2453,19825,34321,8,127
1226,7.0,2.0,54146,31.2,68097.0,14917,2453,19825,34321,7,127
1227,0.0,2.0,54146,31.2,68097.0,14917,2453,19825,34321,8,127
1228,0.0,1.0,54146,31.2,68097.0,14917,2453,19825,34321,3,127
1229,1.0,2.0,81745,37.5,65330.0,14649,14977,27018,54727,8,130
1230,0.0,2.0,54146,31.2,68097.0,14917,2453,19825,34321,9,127
1231,16.0,2.0,54146,31.2,68097.0,14917,2453,19825,34321,4,127
1232,79.0,2.0,42529,32.0,118140.0,2298,22539,32303,10226,6,94
1233,7.0,2.0,42529,32.0,118140.0,2298,22539,32303,10226,4,94
1234,0.0,2.0,44062,42.7,71131.0,14050,11945,21558,22504,1,98
1235,0.0,2.0,42698,36.6,266241.0,3196,24433,30796,11902,8,96
1236,0.0,2.0,42529,32.0,118140.0,2298,22539,32303,10226,1,94
1237,132.0,2.0,42529,32.0,118140.0,2298,22539,32303,10226,6,94
1238,839.0,2.0,42529,32.0,118140.0,2298,22539,32303,10226,1,94
1239,578.0,3.0,42529,32.0,118140.0,2298,22539,32303,10226,6,94
1240,92.0,2.0,42529,32.0,118140.0,2298,22539,32303,10226,1,94
1241,230.0,3.0,42529,32.0,118140.0,2298,22539,32303,10226,8,94
1242,0.0,1.0,68404,42.5,63782.0,14964,17485,47616,20788,3,99
1243,74.0,1.0,44062,42.7,71131.0,14050,11945,21558,22504,7,98
1244,165.0,1.0,68404,42.5,63782.0,14964,17485,47616,20788,7,99
1245,28.0,2.0,44062,42.7,71131.0,14050,11945,21558,22504,7,98
1246,0.0,2.0,44062,42.7,71131.0,14050,11945,21558,22504,1,98
1247,443.0,2.0,42529,32.0,118140.0,2298,22539,32303,10226,8,94
1248,776.0,2.0,42529,32.0,118140.0,2298,22539,32303,10226,6,94
1249,142.0,3.0,42529,32.0,118140.0,2298,22539,32303,10226,6,94
1250,437.0,3.0,44062,42.7,71131.0,14050,11945,21558,22504,6,98
1251,146.0,2.0,44062,42.7,71131.0,14050,11945,21558,22504,6,98
1252,125.0,1.0,44062,42.7,71131.0,14050,11945,21558,22504,1,98
1253,255.0,2.0,42529,32.0,118140.0,2298,22539,32303,10226,7,94
1254,0.0,2.0,88313,42.9,104553.0,4673,40850,46536,41777,3,119
1255,104.0,2.0,47775,34.5,150899.0,1996,29042,34591,13184,8,92
1256,3.0,1.0,47775,34.5,150899.0,1996,29042,34591,13184,3,92
1257,9.0,2.0,47775,34.5,150899.0,1996,29042,34591,13184,6,92
1258,103.0,2.0,26928,32.9,185239.0,309,16511,22204,4724,1,93
1259,199.0,2.0,47775,34.5,150899.0,1996,29042,34591,13184,1,92
1260,77.0,3.0,47775,34.5,150899.0,1996,29042,34591,13184,4,92
1261,122.0,2.0,47775,34.5,150899.0,1996,29042,34591,13184,6,92
1262,88.0,2.0,26928,32.9,185239.0,309,16511,22204,4724,6,93
1263,107.0,2.0,26928,32.9,185239.0,309,16511,22204,4724,8,93
1264,269.0,2.0,26928,32.9,185239.0,309,16511,22204,4724,4,93
1265,3.0,3.0,98728,40.2,75438.0,16450,19862,41128,57600,7,129
1266,0.0,2.0,98728,40.2,75438.0,16450,19862,41128,57600,8,129
1267,308.0,2.0,98728,40.2,75438.0,16450,19862,41128,57600,7,129
1268,0.0,1.0,98728,40.2,75438.0,16450,19862,41128,57600,3,129
1269,29.0,2.0,98728,40.2,75438.0,16450,19862,41128,57600,8,129
1270,12.0,3.0,98728,40.2,75438.0,16450,19862,41128,57600,4,129
1271,55.0,2.0,98728,40.2,75438.0,16450,19862,41128,57600,7,129
1272,6.0,2.0,98728,40.2,75438.0,16450,19862,41128,57600,7,129
1273,3.0,2.0,81745,37.5,65330.0,14649,14977,27018,54727,7,130
1274,48.0,2.0,98728,40.2,75438.0,16450,19862,41128,57600,5,129
1275,28.0,2.0,98728,40.2,75438.0,16450,19862,41128,57600,7,129
1276,4.0,2.0,43841,40.1,74166.0,6828,10446,17873,25968,7,154
1277,1.0,1.0,43841,40.1,74166.0,6828,10446,17873,25968,3,154
1278,3.0,1.0,43841,40.1,74166.0,6828,10446,17873,25968,3,154
1279,14.0,3.0,43841,40.1,74166.0,6828,10446,17873,25968,7,154
1280,1.0,2.0,43841,40.1,74166.0,6828,10446,17873,25968,7,154
1281,766.0,2.0,43841,40.1,74166.0,6828,10446,17873,25968,1,154
1282,102.0,2.0,43841,40.1,74166.0,6828,10446,17873,25968,1,154
1283,122.0,2.0,24234,40.6,77369.0,4039,5374,8244,15990,1,143
1284,0.0,1.0,42882,29.3,45094.0,8930,3244,29785,13097,3,63
1285,0.0,1.0,42882,29.3,45094.0,8930,3244,29785,13097,9,63
1286,3.0,2.0,42882,29.3,45094.0,8930,3244,29785,13097,7,63
1287,0.0,1.0,42882,29.3,45094.0,8930,3244,29785,13097,3,63
1288,12.0,1.0,42882,29.3,45094.0,8930,3244,29785,13097,8,63
1289,0.0,1.0,42882,29.3,45094.0,8930,3244,29785,13097,3,63
1290,0.0,2.0,42882,29.3,45094.0,8930,3244,29785,13097,8,63
1291,4.0,2.0,42882,29.3,45094.0,8930,3244,29785,13097,4,63
1292,3.0,1.0,23166,39.6,89377.0,1437,8023,13555,9611,3,151
1293,51.0,2.0,74767,34.9,83094.0,8040,30392,43807,30960,8,156
1294,6.0,1.0,74767,34.9,83094.0,8040,30392,43807,30960,3,156
1295,14.0,2.0,74767,34.9,83094.0,8040,30392,43807,30960,7,156
1296,47.0,2.0,74767,34.9,83094.0,8040,30392,43807,30960,8,156
1297,41.0,2.0,74767,34.9,83094.0,8040,30392,43807,30960,1,156
1298,30.0,2.0,74767,34.9,83094.0,8040,30392,43807,30960,7,156
1299,7.0,1.0,74767,34.9,83094.0,8040,30392,43807,30960,3,156
1300,768.0,3.0,76863,37.7,189927.0,3876,47891,54649,22214,0,87
1301,99.0,3.0,26928,32.9,185239.0,309,16511,22204,4724,6,93
1302,132.0,1.0,26928,32.9,185239.0,309,16511,22204,4724,6,93
1303,186.0,2.0,33918,35.0,106996.0,2569,16455,24848,9070,4,32
1304,31.0,1.0,33918,35.0,106996.0,2569,16455,24848,9070,8,32
1305,9.0,2.0,69295,36.6,104067.0,7866,26343,37216,32079,8,132
1306,11.0,2.0,69295,36.6,104067.0,7866,26343,37216,32079,1,132
1307,68.0,2.0,69295,36.6,104067.0,7866,26343,37216,32079,4,132
1308,0.0,1.0,69295,36.6,104067.0,7866,26343,37216,32079,3,132
1309,3.0,1.0,69295,36.6,104067.0,7866,26343,37216,32079,3,132
1310,5.0,3.0,69295,36.6,104067.0,7866,26343,37216,32079,7,132
1311,0.0,1.0,66606,34.9,59194.0,10002,8606,40372,26234,3,71
1312,1.0,1.0,66606,34.9,59194.0,10002,8606,40372,26234,3,71
1313,0.0,1.0,60572,36.9,85858.0,9218,9717,31122,29450,3,146
1314,11.0,2.0,60572,36.9,85858.0,9218,9717,31122,29450,9,146
1315,0.0,1.0,65068,35.6,82325.0,11579,9680,28074,36994,3,147
1316,0.0,2.0,54146,31.2,68097.0,14917,2453,19825,34321,2,127
1317,44.0,2.0,54146,31.2,68097.0,14917,2453,19825,34321,3,127
1318,40.0,2.0,53094,29.6,117882.0,3599,21186,36941,16153,8,84
1319,2.0,1.0,53094,29.6,117882.0,3599,21186,36941,16153,3,84
1320,59.0,2.0,23673,33.5,55639.0,3994,4841,14395,9278,7,83
1321,7.0,1.0,53094,29.6,117882.0,3599,21186,36941,16153,3,84
1322,69.0,2.0,53094,29.6,117882.0,3599,21186,36941,16153,6,84
1323,76.0,3.0,42698,36.6,266241.0,3196,24433,30796,11902,6,96
1324,52.0,1.0,42698,36.6,266241.0,3196,24433,30796,11902,3,96
1325,0.0,1.0,42698,36.6,266241.0,3196,24433,30796,11902,3,96
1326,6.0,2.0,42698,36.6,266241.0,3196,24433,30796,11902,10,96
1327,14.0,2.0,44062,42.7,71131.0,14050,11945,21558,22504,3,98
1328,93.0,2.0,44062,42.7,71131.0,14050,11945,21558,22504,1,98
1329,92.0,2.0,42698,36.6,266241.0,3196,24433,30796,11902,10,96
1330,306.0,3.0,42698,36.6,266241.0,3196,24433,30796,11902,6,96
1331,80.0,4.0,42698,36.6,266241.0,3196,24433,30796,11902,1,96
1332,286.0,3.0,42698,36.6,266241.0,3196,24433,30796,11902,4,96
1333,60.0,2.0,66258,37.6,213703.0,797,45280,55084,11174,6,95
1334,34.0,1.0,44062,42.7,71131.0,14050,11945,21558,22504,1,98
1335,0.0,2.0,42698,36.6,266241.0,3196,24433,30796,11902,6,96
1336,38.0,2.0,42698,36.6,266241.0,3196,24433,30796,11902,7,96
1337,164.0,3.0,42698,36.6,266241.0,3196,24433,30796,11902,6,96
1338,55.0,3.0,42698,36.6,266241.0,3196,24433,30796,11902,6,96
1339,1144.0,3.0,42698,36.6,266241.0,3196,24433,30796,11902,10,96
1340,112.0,1.0,42698,36.6,266241.0,3196,24433,30796,11902,7,96
1341,0.0,1.0,44062,42.7,71131.0,14050,11945,21558,22504,1,98
1342,50.0,2.0,44062,42.7,71131.0,14050,11945,21558,22504,3,98
1343,467.0,2.0,44062,42.7,71131.0,14050,11945,21558,22504,3,98
1344,0.0,2.0,44062,42.7,71131.0,14050,11945,21558,22504,10,98
1345,0.0,2.0,29115,25.2,38077.0,5042,2262,19328,9787,7,47
1346,28.0,1.0,73052,37.3,71900.0,13460,21160,39192,33860,7,104
1347,13.0,2.0,73052,37.3,71900.0,13460,21160,39192,33860,8,104
1348,15.0,2.0,73052,37.3,71900.0,13460,21160,39192,33860,7,104
1349,1.0,1.0,73052,37.3,71900.0,13460,21160,39192,33860,3,104
1350,0.0,1.0,73052,37.3,71900.0,13460,21160,39192,33860,3,104
1351,37.0,2.0,93663,35.0,67649.0,21807,20711,48924,44739,1,105
1352,7.0,2.0,93663,35.0,67649.0,21807,20711,48924,44739,3,105
1353,7.0,2.0,93663,35.0,67649.0,21807,20711,48924,44739,7,105
1354,21.0,2.0,93663,35.0,67649.0,21807,20711,48924,44739,4,105
1355,7.0,2.0,93663,35.0,67649.0,21807,20711,48924,44739,1,105
1356,1.0,3.0,93663,35.0,67649.0,21807,20711,48924,44739,2,105
1357,232.0,2.0,93663,35.0,67649.0,21807,20711,48924,44739,7,105
1358,15.0,1.0,93663,35.0,67649.0,21807,20711,48924,44739,6,105
1359,21.0,2.0,93663,35.0,67649.0,21807,20711,48924,44739,4,105
1360,47.0,1.0,93663,35.0,67649.0,21807,20711,48924,44739,8,105
1361,5.0,2.0,93663,35.0,67649.0,21807,20711,48924,44739,7,105
1362,1.0,1.0,93663,35.0,67649.0,21807,20711,48924,44739,7,105
1363,0.0,2.0,54163,30.2,35589.0,13100,2700,39337,14826,0,67
1364,17.0,2.0,79187,39.7,97326.0,7669,28313,52169,27018,1,10
1365,28.0,2.0,79187,39.7,97326.0,7669,28313,52169,27018,4,10
1366,3.0,1.0,79187,39.7,97326.0,7669,28313,52169,27018,1,10
1367,101.0,3.0,49758,38.7,130078.0,2887,29051,33518,16240,6,89
1368,20.0,3.0,49758,38.7,130078.0,2887,29051,33518,16240,6,89
1369,137.0,2.0,49758,38.7,130078.0,2887,29051,33518,16240,1,89
1370,498.0,3.0,49758,38.7,130078.0,2887,29051,33518,16240,6,89
1371,0.0,2.0,49758,38.7,130078.0,2887,29051,33518,16240,6,89
1372,57.0,3.0,49758,38.7,130078.0,2887,29051,33518,16240,6,89
1373,16.0,1.0,49758,38.7,130078.0,2887,29051,33518,16240,1,89
1374,50.0,2.0,49758,38.7,130078.0,2887,29051,33518,16240,6,89
1375,47.0,2.0,49758,38.7,130078.0,2887,29051,33518,16240,6,89
1376,0.0,2.0,49758,38.7,130078.0,2887,29051,33518,16240,1,89
1377,57.0,2.0,49758,38.7,130078.0,2887,29051,33518,16240,8,89
1378,295.0,2.0,49758,38.7,130078.0,2887,29051,33518,16240,1,89
1379,73.0,2.0,98728,40.2,75438.0,16450,19862,41128,57600,7,129
1380,174.0,1.0,98728,40.2,75438.0,16450,19862,41128,57600,1,129
1381,191.0,2.0,45680,33.8,214165.0,1068,28920,32770,12910,1,97
1382,115.0,2.0,45680,33.8,214165.0,1068,28920,32770,12910,4,97
1383,13.0,3.0,27875,36.3,194326.0,845,17876,18819,9056,6,90
1384,519.0,3.0,27875,36.3,194326.0,845,17876,18819,9056,1,90
1385,187.0,3.0,27875,36.3,194326.0,845,17876,18819,9056,10,90
1386,260.0,1.0,27875,36.3,194326.0,845,17876,18819,9056,7,90
1387,111.0,4.0,27875,36.3,194326.0,845,17876,18819,9056,4,90
1388,877.0,2.0,27875,36.3,194326.0,845,17876,18819,9056,6,90
1389,179.0,3.0,27875,36.3,194326.0,845,17876,18819,9056,4,90
1390,431.0,4.0,27875,36.3,194326.0,845,17876,18819,9056,4,90
1391,199.0,1.0,27875,36.3,194326.0,845,17876,18819,9056,5,90
1392,25.0,1.0,27875,36.3,194326.0,845,17876,18819,9056,9,90
1393,117.0,1.0,27875,36.3,194326.0,845,17876,18819,9056,7,90
1394,0.0,3.0,27875,36.3,194326.0,845,17876,18819,9056,0,90
1395,80.0,4.0,27875,36.3,194326.0,845,17876,18819,9056,6,90
1396,137.0,3.0,27875,36.3,194326.0,845,17876,18819,9056,6,90
1397,87.0,2.0,27875,36.3,194326.0,845,17876,18819,9056,6,90
1398,111.0,3.0,27875,36.3,194326.0,845,17876,18819,9056,6,90
1399,0.0,2.0,27875,36.3,194326.0,845,17876,18819,9056,6,90
1400,44.0,3.0,27875,36.3,194326.0,845,17876,18819,9056,0,90
1401,14.0,4.0,27875,36.3,194326.0,845,17876,18819,9056,9,90
1402,264.0,3.0,27875,36.3,194326.0,845,17876,18819,9056,0,90
1403,43.0,2.0,47775,34.5,150899.0,1996,29042,34591,13184,3,92
1404,174.0,1.0,27875,36.3,194326.0,845,17876,18819,9056,7,90
1405,0.0,3.0,27875,36.3,194326.0,845,17876,18819,9056,4,90
1406,172.0,2.0,27875,36.3,194326.0,845,17876,18819,9056,4,90
1407,0.0,2.0,27875,36.3,194326.0,845,17876,18819,9056,0,90
1408,346.0,3.0,27875,36.3,194326.0,845,17876,18819,9056,1,90
1409,685.0,2.0,27875,36.3,194326.0,845,17876,18819,9056,1,90
1410,227.0,3.0,27875,36.3,194326.0,845,17876,18819,9056,0,90
1411,27.0,2.0,76863,37.7,189927.0,3876,47891,54649,22214,1,87
1412,130.0,2.0,27875,36.3,194326.0,845,17876,18819,9056,1,90
1413,294.0,2.0,27875,36.3,194326.0,845,17876,18819,9056,6,90
1414,72.0,2.0,27875,36.3,194326.0,845,17876,18819,9056,0,90
1415,572.0,2.0,27875,36.3,194326.0,845,17876,18819,9056,1,90
1416,149.0,2.0,27875,36.3,194326.0,845,17876,18819,9056,1,90
1417,15.0,4.0,78241,37.0,168839.0,1643,51730,61082,17159,6,101
1418,75.0,2.0,78241,37.0,168839.0,1643,51730,61082,17159,1,101
1419,802.0,3.0,81559,38.3,184460.0,1634,49984,58658,22901,6,100
1420,103.0,2.0,76863,37.7,189927.0,3876,47891,54649,22214,1,87
1421,11.0,1.0,76863,37.7,189927.0,3876,47891,54649,22214,3,87
1422,73.0,2.0,76863,37.7,189927.0,3876,47891,54649,22214,1,87
1423,77.0,3.0,66258,37.6,213703.0,797,45280,55084,11174,6,95
1424,415.0,3.0,66258,37.6,213703.0,797,45280,55084,11174,6,95
1425,593.0,3.0,76863,37.7,189927.0,3876,47891,54649,22214,4,87
1426,2.0,1.0,76863,37.7,189927.0,3876,47891,54649,22214,8,87
1427,46.0,2.0,76863,37.7,189927.0,3876,47891,54649,22214,3,87
1428,108.0,3.0,76863,37.7,189927.0,3876,47891,54649,22214,0,87
1429,110.0,3.0,26928,32.9,185239.0,309,16511,22204,4724,6,93
1430,58.0,1.0,76863,37.7,189927.0,3876,47891,54649,22214,8,87
1431,28.0,1.0,27875,36.3,194326.0,845,17876,18819,9056,5,90
1432,383.0,3.0,76863,37.7,189927.0,3876,47891,54649,22214,5,87
1433,35.0,2.0,66258,37.6,213703.0,797,45280,55084,11174,6,95
1434,429.0,2.0,66258,37.6,213703.0,797,45280,55084,11174,7,95
1435,373.0,2.0,66258,37.6,213703.0,797,45280,55084,11174,2,95
1436,92.0,2.0,66258,37.6,213703.0,797,45280,55084,11174,1,95
1437,454.0,4.0,66258,37.6,213703.0,797,45280,55084,11174,0,95
1438,24.0,4.0,66258,37.6,213703.0,797,45280,55084,11174,6,95
1439,543.0,3.0,66258,37.6,213703.0,797,45280,55084,11174,0,95
1440,491.0,4.0,66258,37.6,213703.0,797,45280,55084,11174,1,95
1441,219.0,3.0,66258,37.6,213703.0,797,45280,55084,11174,1,95
1442,1421.0,3.0,42698,36.6,266241.0,3196,24433,30796,11902,0,96
1443,573.0,3.0,50180,43.0,223563.0,946,35743,38160,12020,0,91
1444,21.0,3.0,50180,43.0,223563.0,946,35743,38160,12020,6,91
1445,255.0,3.0,50180,43.0,223563.0,946,35743,38160,12020,0,91
1446,28.0,3.0,50180,43.0,223563.0,946,35743,38160,12020,5,91
1447,29.0,4.0,50180,43.0,223563.0,946,35743,38160,12020,6,91
1448,346.0,4.0,50180,43.0,223563.0,946,35743,38160,12020,4,91
1449,391.0,2.0,27875,36.3,194326.0,845,17876,18819,9056,1,90
1450,14.0,2.0,27875,36.3,194326.0,845,17876,18819,9056,0,90
1451,7.0,1.0,27875,36.3,194326.0,845,17876,18819,9056,3,90
1452,49.0,2.0,27875,36.3,194326.0,845,17876,18819,9056,4,90
1453,73.0,2.0,27875,36.3,194326.0,845,17876,18819,9056,3,90
1454,84.0,3.0,27875,36.3,194326.0,845,17876,18819,9056,6,90
1455,51.0,3.0,50180,43.0,223563.0,946,35743,38160,12020,4,91
1456,628.0,2.0,66258,37.6,213703.0,797,45280,55084,11174,6,95
1457,263.0,2.0,66258,37.6,213703.0,797,45280,55084,11174,1,95
1458,3392.0,2.0,42529,32.0,118140.0,2298,22539,32303,10226,1,94
1459,0.0,3.0,66258,37.6,213703.0,797,45280,55084,11174,4,95
1460,135.0,2.0,66258,37.6,213703.0,797,45280,55084,11174,1,95
1461,71.0,2.0,26928,32.9,185239.0,309,16511,22204,4724,4,93
1462,1561.0,3.0,42529,32.0,118140.0,2298,22539,32303,10226,0,94
1463,23.0,3.0,66258,37.6,213703.0,797,45280,55084,11174,6,95
1464,389.0,4.0,76863,37.7,189927.0,3876,47891,54649,22214,0,87
1465,268.0,4.0,76863,37.7,189927.0,3876,47891,54649,22214,1,87
1466,31.0,2.0,70219,43.8,56347.0,16112,10961,20279,49940,1,124
1467,0.0,1.0,66348,34.0,62320.0,22707,7790,28327,38021,3,13
1468,570.0,2.0,42529,32.0,118140.0,2298,22539,32303,10226,2,94
1469,209.0,3.0,42529,32.0,118140.0,2298,22539,32303,10226,4,94
1470,0.0,2.0,42529,32.0,118140.0,2298,22539,32303,10226,1,94
1471,667.0,1.0,42529,32.0,118140.0,2298,22539,32303,10226,4,94
1472,407.0,3.0,42529,32.0,118140.0,2298,22539,32303,10226,4,94
1473,32.0,2.0,42529,32.0,118140.0,2298,22539,32303,10226,4,94
1474,61.0,2.0,42529,32.0,118140.0,2298,22539,32303,10226,1,94
1475,551.0,2.0,44062,42.7,71131.0,14050,11945,21558,22504,3,98
1476,50.0,2.0,44062,42.7,71131.0,14050,11945,21558,22504,7,98
1477,887.0,2.0,47775,34.5,150899.0,1996,29042,34591,13184,0,92
1478,47.0,2.0,50180,43.0,223563.0,946,35743,38160,12020,6,91
1479,872.0,3.0,50180,43.0,223563.0,946,35743,38160,12020,10,91
1480,0.0,2.0,47775,34.5,150899.0,1996,29042,34591,13184,1,92
1481,12.0,2.0,47775,34.5,150899.0,1996,29042,34591,13184,7,92
1482,0.0,2.0,47775,34.5,150899.0,1996,29042,34591,13184,6,92
1483,378.0,3.0,42698,36.6,266241.0,3196,24433,30796,11902,4,96
1484,3044.0,3.0,42698,36.6,266241.0,3196,24433,30796,11902,4,96
1485,510.0,3.0,42698,36.6,266241.0,3196,24433,30796,11902,6,96
1486,0.0,2.0,42698,36.6,266241.0,3196,24433,30796,11902,0,96
1487,162.0,2.0,42698,36.6,266241.0,3196,24433,30796,11902,6,96
1488,1.0,3.0,42698,36.6,266241.0,3196,24433,30796,11902,6,96
1489,0.0,1.0,44062,42.7,71131.0,14050,11945,21558,22504,3,98
1490,29.0,4.0,42698,36.6,266241.0,3196,24433,30796,11902,6,96
1491,35.0,3.0,44062,42.7,71131.0,14050,11945,21558,22504,1,98
1492,203.0,2.0,44062,42.7,71131.0,14050,11945,21558,22504,3,98
1493,0.0,1.0,44062,42.7,71131.0,14050,11945,21558,22504,1,98
1494,136.0,1.0,44062,42.7,71131.0,14050,11945,21558,22504,3,98
1495,2127.0,2.0,44062,42.7,71131.0,14050,11945,21558,22504,0,98
1496,1.0,2.0,44062,42.7,71131.0,14050,11945,21558,22504,3,98
1497,37.0,2.0,79187,39.7,97326.0,7669,28313,52169,27018,5,10
1498,0.0,1.0,45007,34.1,83996.0,4767,11106,23783,21224,9,4
1499,0.0,2.0,106883,34.8,74156.0,12611,24921,61178,45705,0,19
1500,0.0,2.0,26517,42.2,97199.0,2231,8565,12847,13670,6,113
1501,4.0,1.0,36038,34.1,91339.0,5405,13048,26632,9406,6,39
1502,1.0,2.0,75437,33.9,81047.0,9511,13827,41373,34064,6,122
1503,48.0,2.0,74767,34.9,83094.0,8040,30392,43807,30960,6,156
1504,7.0,2.0,33020,38.7,82098.0,4833,8031,15890,17130,6,6
1505,48.0,2.0,46810,39.3,85249.0,5354,8381,38948,7862,6,74
1506,317.0,3.0,45680,33.8,214165.0,1068,28920,32770,12910,6,97
1507,112.0,3.0,27875,36.3,194326.0,845,17876,18819,9056,6,90
1508,76.0,2.0,27875,36.3,194326.0,845,17876,18819,9056,6,90
1509,31.0,1.0,27875,36.3,194326.0,845,17876,18819,9056,4,90
1510,24.0,3.0,22197,40.8,112964.0,1175,5133,19667,2530,6,167
1511,258.0,2.0,76863,37.7,189927.0,3876,47891,54649,22214,6,87
1512,0.0,1.0,53094,29.6,117882.0,3599,21186,36941,16153,0,84
1513,14.0,1.0,66348,34.0,62320.0,22707,7790,28327,38021,1,13
1514,0.0,1.0,34431,45.6,61830.0,3685,11984,10279,24152,4,2
1515,6.0,2.0,45007,34.1,83996.0,4767,11106,23783,21224,1,4
1516,0.0,1.0,54256,40.2,90916.0,6104,9162,28533,25723,3,134
1517,2.0,2.0,35510,34.3,76511.0,4140,9845,20759,14751,3,18
1518,5.0,1.0,38930,33.4,109468.0,2335,16773,31966,6964,10,29
1519,231.0,2.0,26877,43.4,83610.0,2954,6061,22182,4695,10,51
1520,2.0,1.0,45007,34.1,83996.0,4767,11106,23783,21224,3,4
1521,15.0,2.0,75437,33.9,81047.0,9511,13827,41373,34064,8,122
1522,0.0,1.0,32193,35.5,110463.0,3392,11947,24935,7258,8,28
1523,25.0,2.0,81745,37.5,65330.0,14649,14977,27018,54727,1,130
1524,0.0,2.0,39423,35.8,50720.0,7253,4653,26006,13417,2,48
1525,1.0,1.0,65068,35.6,82325.0,11579,9680,28074,36994,3,147
1526,23.0,3.0,62685,41.7,218554.0,1314,41417,48067,14618,0,88
1527,7.0,1.0,27875,36.3,194326.0,845,17876,18819,9056,0,90
1528,1.0,1.0,55649,51.2,332403.0,742,38605,44909,10740,0,106
1529,4.0,1.0,22832,38.0,143550.0,1138,11307,18099,4733,3,17
1530,5.0,1.0,74731,36.0,176550.0,3220,43249,62461,12270,9,15
1531,4.0,1.0,21237,36.3,141251.0,1420,11716,16595,4642,3,27
1532,33.0,1.0,24365,49.0,103468.0,1868,8092,15096,9269,5,139
1533,1.0,2.0,74731,36.0,176550.0,3220,43249,62461,12270,3,15
1534,36.0,2.0,74731,36.0,176550.0,3220,43249,62461,12270,0,15
1535,75.0,2.0,78241,37.0,168839.0,1643,51730,61082,17159,5,101
1536,7.0,2.0,66258,37.6,213703.0,797,45280,55084,11174,10,95
1537,156.0,1.0,66258,37.6,213703.0,797,45280,55084,11174,1,95
1538,3.0,1.0,66258,37.6,213703.0,797,45280,55084,11174,1,95
1539,224.0,2.0,66258,37.6,213703.0,797,45280,55084,11174,8,95
1540,295.0,1.0,132455,43.5,205755.0,7024,78789,104012,28443,3,86
1541,2.0,2.0,29004,33.8,64606.0,4142,4543,19731,9273,9,66
1542,25.0,2.0,65631,44.3,84027.0,7091,20248,32200,33431,1,1
1543,1.0,2.0,25453,41.1,87523.0,2792,5333,17535,7918,4,169
1544,2.0,1.0,28913,37.6,75205.0,3726,6602,20132,8781,3,73
1545,3.0,1.0,43212,44.8,104934.0,4213,13928,24573,18639,1,141
1546,1.0,1.0,59869,36.1,78355.0,9404,15593,45080,14789,3,102
1547,0.0,1.0,50180,43.0,223563.0,946,35743,38160,12020,3,91
1548,13.0,2.0,62810,34.1,52105.0,12245,11306,48616,14194,0,103
1549,3.0,1.0,31971,45.5,106229.0,3479,9031,20561,11410,3,142
1550,0.0,2.0,54667,33.6,76037.0,13846,10073,31031,23636,9,11
1551,10.0,2.0,29219,45.0,100462.0,2993,6034,23340,5879,6,150
1552,126.0,1.0,42529,32.0,118140.0,2298,22539,32303,10226,1,94
1553,90.0,2.0,42529,32.0,118140.0,2298,22539,32303,10226,1,94
1554,4.0,1.0,68404,42.5,63782.0,14964,17485,47616,20788,9,99
1555,0.0,2.0,44062,42.7,71131.0,14050,11945,21558,22504,7,98
1556,945.0,3.0,68404,42.5,63782.0,14964,17485,47616,20788,3,99
1557,0.0,1.0,64850,33.8,46920.0,13385,6850,37748,27102,9,53
1558,0.0,1.0,33918,35.0,106996.0,2569,16455,24848,9070,3,32
1559,7.0,1.0,69295,36.6,104067.0,7866,26343,37216,32079,0,132
1560,192.0,1.0,44062,42.7,71131.0,14050,11945,21558,22504,3,98
1561,80.0,1.0,42698,36.6,266241.0,3196,24433,30796,11902,3,96
1562,266.0,3.0,42698,36.6,266241.0,3196,24433,30796,11902,0,96
1563,41.0,1.0,30372,38.5,63544.0,4000,5763,21109,9263,0,72
1564,6.0,2.0,52174,36.5,37269.0,8799,4100,37742,14432,4,35
1565,1.0,1.0,60572,36.9,85858.0,9218,9717,31122,29450,7,146
1566,8.0,1.0,28689,35.4,68024.0,2619,5077,14501,14188,2,41
1567,297.0,2.0,77847,29.4,75825.0,9154,16680,62700,15147,7,31
1568,687.0,3.0,57036,32.3,126056.0,5860,25475,42759,14277,0,30
1569,0.0,1.0,82931,38.7,90789.0,15652,11285,37348,45583,3,148
